,node,centrality,community,density,name
0,529,1,112,1.0,"carriere, j."
1,530,1,112,1.0,"kazman, r."
2,1151,1,32,1.0,"tollis, i.g."
3,1152,1,32,1.0,"six, j.m."
4,669,1,81,1.0,"baudel, t."
5,670,1,81,1.0,"broeskema, b."
6,699,1,87,1.0,"rao, r."
7,700,1,87,1.0,"tenev, t."
8,723,1,80,1.0,"eppler, m.j."
9,724,1,80,1.0,"bresciani, s."
10,908,1,35,1.0,"dix, a."
11,909,1,35,1.0,"ellis, g."
12,972,1,92,1.0,"stein, c."
13,973,1,92,1.0,"alper, n."
14,667,1,93,1.0,"leuski, a."
15,668,1,93,1.0,"allan, j."
16,654,1,48,1.0,"flowers, w.c."
17,655,1,48,1.0,"yang-pelaez, j."
18,652,1,79,1.0,"teraoka, t."
19,653,1,79,1.0,"maruyama, m."
20,203,1,97,1.0,"kobourov, s.g."
21,204,1,97,1.0,"wampler, k."
22,115,1,19,1.0,"overbye, t.j."
23,116,1,19,1.0,"weber, j.d."
24,1007,1,18,1.0,"abrams, m."
25,1008,1,18,1.0,"ribler, r."
26,848,1,17,1.0,"wilson, r.m."
27,849,1,17,1.0,"bergeron, r.d."
28,947,1,62,1.0,"tu, y."
29,948,1,62,1.0,"shen, h.-w."
30,761,1,15,1.0,"inselberg, a."
31,1294,1,15,1.0,"avidan, t."
32,466,1,14,1.0,"becker, b.g."
33,1115,1,14,1.0,"brainerd, j."
34,969,1,99,1.0,"kapler, t."
35,558,1,99,1.0,"wright, w."
36,65,1,12,1.0,"lalanne, d."
37,66,1,12,1.0,"pu, p."
38,732,1,59,1.0,"whitney, d."
39,733,1,59,1.0,"haroz, s."
40,531,1,39,1.0,"ernst, r."
41,532,1,39,1.0,"luders, p."
42,1116,1,104,1.0,"barlow, t."
43,1117,1,104,1.0,"neville, p."
44,524,1,105,1.0,"angus, i.g."
45,525,1,105,1.0,"sowizral, h.a."
46,327,1,107,1.0,"gao, g.r."
47,328,1,107,1.0,"thiagarajan, p.r."
48,334,1,54,1.0,"nguyen, q.v."
49,335,1,54,1.0,"huang, m.l."
50,974,1,53,1.0,"banks, d.c."
51,975,1,53,1.0,"jin, l."
52,1273,1,3,1.0,"draper, g."
53,1274,1,3,1.0,"riesenfeld, r."
54,526,1,2,1.0,"ahlberg, c."
55,527,1,2,1.0,"wistrand, e."
56,626,1,50,1.0,"theisel, h."
57,627,1,50,1.0,"lehmann, d.j."
58,976,1,84,1.0,"rushall, d.a."
59,977,1,84,1.0,"ilgen, m.r."
60,1073,1,83,1.0,"tennekes, m."
61,1074,1,83,1.0,"de jonge, e."
62,980,2,111,1.0,"guzdial, m."
63,981,2,111,1.0,"badre, a."
64,979,2,111,1.0,"gray, m."
65,707,2,94,1.0,"clarkson, e."
66,708,2,94,1.0,"foley, j."
67,706,2,94,1.0,"desai, k."
68,1016,2,86,1.0,"artero, a.o."
69,1017,2,86,1.0,"levkowitz, h."
70,1015,2,86,1.0,"de oliveira, m.c.f."
71,1063,2,88,1.0,"weber, m."
72,1064,2,88,1.0,"alexa, m."
73,1062,2,88,1.0,"muller, w."
74,607,2,89,1.0,"day, d."
75,609,2,89,1.0,"hirschman, l."
76,608,2,89,1.0,"mitchell, r."
77,1170,2,96,1.0,"been, k."
78,1171,2,96,1.0,"daiches, e."
79,1169,2,96,1.0,"yap, c."
80,862,2,98,1.0,"garrett, j.h., jr."
81,863,2,98,1.0,"espinosa, o.j."
82,861,2,98,1.0,"hendrickson, c."
83,1058,2,100,1.0,"wylie, b.n."
84,1059,2,100,1.0,"boyack, k.w."
85,1057,2,100,1.0,"davidson, g.s."
86,1177,2,102,1.0,"reiterer, h."
87,1178,2,102,1.0,"buering, t."
88,1176,2,102,1.0,"gerken, j."
89,1301,2,103,1.0,"shiozawa, h."
90,1302,2,103,1.0,"matsushita, y."
91,1300,2,103,1.0,"okada, k."
92,1282,2,108,1.0,"hanfler, m."
93,1283,2,108,1.0,"riehmann, p."
94,1281,2,108,1.0,"froehlich, b."
95,664,2,109,1.0,"unwin, a."
96,665,2,109,1.0,"gribov, a."
97,663,2,109,1.0,"pilhofer, a."
98,499,2,110,1.0,"angus, d."
99,500,2,110,1.0,"byrne, l."
100,498,2,110,1.0,"wiles, j."
101,343,2,85,1.0,"dierich, f."
102,344,2,85,1.0,"brady, r."
103,342,2,85,1.0,"spell, r."
104,1323,2,46,1.0,"magnor, m."
105,1325,2,46,1.0,"lowe, t."
106,1324,2,46,1.0,"albuquerque, g."
107,1127,2,0,1.0,"karger, d.r."
108,1128,2,0,1.0,"bakke, e."
109,1126,2,0,1.0,"miller, r.c."
110,1259,2,56,1.0,"cvek, u."
111,1260,2,56,1.0,"grinstein, g."
112,1258,2,56,1.0,"trutschl, m."
113,1135,2,44,1.0,"berger, m."
114,1136,2,44,1.0,"seversky, l.m."
115,1137,2,44,1.0,"mcdonough, k."
116,136,1,43,0.6666666666666666,"craig, p."
117,942,1,43,0.6666666666666666,"graham, m."
118,135,2,43,0.6666666666666666,"kennedy, j."
119,1174,2,8,1.0,"newman, m."
120,1175,2,8,1.0,"dorling, d."
121,1173,2,8,1.0,"barford, a."
122,554,2,27,1.0,"golovchinsky, g."
123,555,2,27,1.0,"kamps, t."
124,556,2,27,1.0,"reichenberger, k."
125,1153,2,31,1.0,"goolkasian, p."
126,1155,2,31,1.0,"burlinson, d."
127,1154,2,31,1.0,"subramanian, k."
128,587,2,45,1.0,"johnston, l.j."
129,588,2,45,1.0,"sonenberg, e.a."
130,586,2,45,1.0,"burton, c.a."
131,878,3,106,1.0,"kaur, i."
132,879,3,106,1.0,"sorokin, a."
133,877,3,106,1.0,"ivanov, y.a."
134,876,3,106,1.0,"wren, c.r."
135,603,3,10,1.0,"beale, r."
136,605,3,10,1.0,"hendley, r.j."
137,606,3,10,1.0,"drew, n.s."
138,604,3,10,1.0,"wood, a.m."
139,128,3,26,1.0,"summers, k.l."
140,129,3,26,1.0,"goldsmith, t.e."
141,130,3,26,1.0,"kubica, s."
142,131,3,26,1.0,"caudell, t.p."
143,780,3,77,1.0,"crampes, m."
144,783,3,77,1.0,"ranwez, s."
145,782,3,77,1.0,"villerd, j."
146,781,3,77,1.0,"de oliveira-kumar, j."
147,550,3,73,1.0,"dawkes, h."
148,551,3,73,1.0,"tweedie, l."
149,552,3,73,1.0,"su, h."
150,553,3,73,1.0,"spence, b."
151,858,3,70,1.0,"wood, k."
152,859,3,70,1.0,"rodden, k."
153,856,3,70,1.0,"basalaj, w."
154,857,3,70,1.0,"sinclair, d."
155,419,1,67,0.6666666666666666,"jeong, c.-s."
156,487,2,67,0.6666666666666666,"hansen, m."
157,486,2,67,0.6666666666666666,"meads, d."
158,418,3,67,0.6666666666666666,"pang, a."
159,597,3,66,1.0,"petajan, e."
160,598,3,66,1.0,"leibfried, t."
161,599,3,66,1.0,"anupam, v."
162,600,3,66,1.0,"dar, s."
163,1052,3,47,1.0,"do, e.y."
164,1053,3,47,1.0,"canny, j."
165,1054,3,47,1.0,"glaser, d.c."
166,1051,3,47,1.0,"tan, r."
167,1196,3,41,1.0,"sambasivan, r.r."
168,1198,3,41,1.0,"mazurek, m.l."
169,1199,3,41,1.0,"shafer, i."
170,1197,3,41,1.0,"ganger, g.r."
171,646,3,61,1.0,"furuhata, r."
172,648,3,61,1.0,"fujishiro, i."
173,649,3,61,1.0,"takeshima, y."
174,647,3,61,1.0,"ichikawa, y."
175,686,3,60,1.0,"kwock, l."
176,687,3,60,1.0,"feng, d."
177,688,3,60,1.0,"taylor, r.m."
178,685,3,60,1.0,"lee, y."
179,489,3,37,1.0,"sanchez, a."
180,491,3,37,1.0,"raya, l."
181,490,3,37,1.0,"diaz, f."
182,488,3,37,1.0,"rubio-sanchez, m."
183,220,3,40,1.0,"celes, w."
184,223,3,40,1.0,"barbosa, s.d."
185,222,3,40,1.0,"nascimento, d."
186,221,3,40,1.0,"ivson, p."
187,658,2,95,0.6,"bjork, s."
188,659,2,95,0.6,"redstrom, j."
189,191,2,95,0.6,"skog, t."
190,192,2,95,0.6,"ljungblad, s."
191,190,4,95,0.6,"holmquist, l.e."
192,910,2,23,0.6,"mao, y."
193,911,2,23,0.6,"dillon, j.v."
194,944,2,23,0.6,"cleveland, w.s."
195,943,2,23,0.6,"kidwell, p."
196,912,4,23,0.6,"lebanon, g."
197,1147,1,91,0.6,"ebert, j."
198,610,2,91,0.6,"kister, u."
199,205,2,91,0.6,"horak, t."
200,207,3,91,0.6,"langner, r."
201,206,4,91,0.6,"dachselt, r."
202,1095,4,29,1.0,"rooney, c."
203,1096,4,29,1.0,"ham, d."
204,1097,4,29,1.0,"xu, k."
205,1098,4,29,1.0,"passmore, p."
206,1094,4,29,1.0,"nguyen, p.h."
207,55,4,55,1.0,"christensen, m."
208,58,4,55,1.0,"orbaek, p."
209,57,4,55,1.0,"mogensen, p."
210,56,4,55,1.0,"shapiro, d."
211,54,4,55,1.0,"buscher, m."
212,145,1,82,0.7,"frishman, y."
213,457,3,82,0.7,"ulitsky, l."
214,458,3,82,0.7,"polunsky, z."
215,459,3,82,0.7,"moses, y."
216,146,4,82,0.7,"tal, a."
217,1034,4,57,1.0,"patrignani, m."
218,1036,4,57,1.0,"cortese, p.f."
219,1035,4,57,1.0,"di battista, g."
220,1032,4,57,1.0,"moneta, a."
221,1033,4,57,1.0,"pizzonia, m."
222,171,4,36,1.0,"klieber, w."
223,172,4,36,1.0,"sabol, v."
224,174,4,36,1.0,"andrews, k."
225,173,4,36,1.0,"kienreich, w."
226,170,4,36,1.0,"granitzer, m."
227,1327,1,74,0.6,"chlan, e.b."
228,1330,2,74,0.6,"shanbhag, p."
229,999,2,74,0.6,"trimm, d."
230,1000,3,74,0.6,"desjardins, m."
231,1001,4,74,0.6,"rheingans, p."
232,792,4,65,1.0,"wimmer, c."
233,793,4,65,1.0,"tomitsch, m."
234,791,4,65,1.0,"christoph, b."
235,789,4,65,1.0,"grechenig, t."
236,790,4,65,1.0,"vande moere, a."
237,1179,1,71,0.7,"kumar, g."
238,921,3,71,0.7,"hoberock, j."
239,922,3,71,0.7,"jia, y."
240,919,3,71,0.7,"hart, j."
241,920,4,71,0.7,"garland, m."
242,1190,1,38,0.7,"taimouri, v."
243,677,3,38,0.7,"dong, m."
244,679,3,38,0.7,"wang, l."
245,678,3,38,0.7,"chen, y."
246,680,4,38,0.7,"hua, j."
247,445,1,21,0.7333333333333333,"köpp, w."
248,740,4,21,0.7333333333333333,"oulasvirta, a."
249,741,4,21,0.7333333333333333,"bachynskyi, m."
250,743,4,21,0.7333333333333333,"seidel, h.-p."
251,742,4,21,0.7333333333333333,"palmas, g."
252,446,5,21,0.7333333333333333,"weinkauf, t."
253,48,5,78,1.0,"loisel, d."
254,53,5,78,1.0,"trichaud, n."
255,51,5,78,1.0,"russo dos santos, c."
256,52,5,78,1.0,"gros, p."
257,50,5,78,1.0,"paris, j.p."
258,49,5,78,1.0,"abel, p."
259,888,5,75,1.0,"block, f."
260,890,5,75,1.0,"shen, c."
261,889,5,75,1.0,"diamond, j."
262,885,5,75,1.0,"horn, m.s."
263,887,5,75,1.0,"evans, e.m."
264,886,5,75,1.0,"phillips, b.c."
265,347,1,34,0.7333333333333333,"sering, l."
266,968,4,34,0.7333333333333333,"fink, m."
267,1061,4,34,0.7333333333333333,"schulz, a."
268,967,4,34,0.7333333333333333,"spoerhase, j."
269,966,4,34,0.7333333333333333,"wolff, a."
270,348,5,34,0.7333333333333333,"haunert, j."
271,1320,5,101,1.0,"yamamoto, m."
272,1321,5,101,1.0,"kaseda, t."
273,1322,5,101,1.0,"miyamura, h.n."
274,1318,5,101,1.0,"saito, t."
275,1319,5,101,1.0,"hoshiya, y."
276,1317,5,101,1.0,"saito, h."
277,590,5,51,1.0,"gershon, n."
278,593,5,51,1.0,"levasseur, j."
279,592,5,51,1.0,"ruh, w."
280,591,5,51,1.0,"winstead, j."
281,595,5,51,1.0,"croall, j."
282,594,5,51,1.0,"pernicks, a."
283,1185,4,90,0.8095238095238095,"flamm, c."
284,1184,4,90,0.8095238095238095,"hofacker, i.l."
285,184,4,90,0.8095238095238095,"hellmuth, m."
286,186,4,90,0.8095238095238095,"janicke, s."
287,182,6,90,0.8095238095238095,"scheuermann, g."
288,185,6,90,0.8095238095238095,"heine, c."
289,183,6,90,0.8095238095238095,"stadler, p.f."
290,148,1,7,0.47619047619047616,"girardin, l."
291,271,2,7,0.47619047619047616,"morrison, a."
292,270,2,7,0.47619047619047616,"ross, g."
293,693,3,7,0.47619047619047616,"cotture, p."
294,692,3,7,0.47619047619047616,"lunzer, a."
295,147,4,7,0.47619047619047616,"brodbeck, d."
296,272,5,7,0.47619047619047616,"chalmers, m."
297,1242,1,16,0.7857142857142857,"morris, s."
298,1337,6,16,0.7857142857142857,"allendoerfer, k."
299,1338,6,16,0.7857142857142857,"proctor, j."
300,1339,6,16,0.7857142857142857,"sturtz, d."
301,1334,6,16,0.7857142857142857,"aluker, s."
302,1336,6,16,0.7857142857142857,"vukovic, m."
303,1335,6,16,0.7857142857142857,"panjwani, g."
304,682,9,16,0.7857142857142857,"chen, c."
305,929,1,63,0.4642857142857143,"vanderplas, s."
306,1121,1,63,0.4642857142857143,"vendettuoli, m."
307,631,3,63,0.4642857142857143,"buja, a."
308,632,3,63,0.4642857142857143,"wickham, h."
309,739,3,63,0.4642857142857143,"follett, l."
310,738,3,63,0.4642857142857143,"majumder, m."
311,630,5,63,0.4642857142857143,"cook, d."
312,633,7,63,0.4642857142857143,"hofmann, h."
313,158,4,30,0.5555555555555556,"raidou, r.g."
314,161,4,30,0.5555555555555556,"eisemann, e."
315,162,4,30,0.5555555555555556,"eisemann, m."
316,159,4,30,0.5555555555555556,"breeuwer, m."
317,503,5,30,0.5555555555555556,"höllt, t."
318,504,5,30,0.5555555555555556,"van unen, v."
319,505,5,30,0.5555555555555556,"lelieveldt, b.p.f."
320,506,5,30,0.5555555555555556,"pezzotti, n."
321,502,5,30,0.5555555555555556,"koning, f."
322,160,9,30,0.5555555555555556,"vilanova, a."
323,450,3,69,0.3974358974358974,"headleand, c."
324,452,3,69,0.3974358974358974,"jackson, j.r."
325,449,3,69,0.3974358974358974,"ritsos, p.d."
326,1205,4,69,0.3974358974358974,"geng, z."
327,1207,4,69,0.3974358974358974,"peng, z."
328,1206,4,69,0.3974358974358974,"walker, r."
329,766,5,69,0.3974358974358974,"post, f."
330,767,5,69,0.3974358974358974,"blaas, j."
331,762,5,69,0.3974358974358974,"botha, c."
332,763,5,69,0.3974358974358974,"jones, m."
333,764,5,69,0.3974358974358974,"grundy, e."
334,451,7,69,0.3974358974358974,"roberts, j.c."
335,765,9,69,0.3974358974358974,"laramee, r.s."
336,819,1,64,0.2087912087912088,"tanahashi, y."
337,1223,1,64,0.2087912087912088,"jankun-kelly, t.j."
338,737,1,64,0.2087912087912088,"ogawa, m."
339,841,2,64,0.2087912087912088,"kwon, o."
340,842,2,64,0.2087912087912088,"crnovrsanin, t."
341,1208,2,64,0.2087912087912088,"bryan, c."
342,1209,2,64,0.2087912087912088,"woodring, j."
343,690,2,64,0.2087912087912088,"muelder, c."
344,689,2,64,0.2087912087912088,"gygi, f."
345,1009,2,64,0.2087912087912088,"yuan, g."
346,845,3,64,0.2087912087912088,"frazier, j."
347,847,3,64,0.2087912087912088,"ma, j."
348,846,3,64,0.2087912087912088,"liao, i."
349,691,14,64,0.2087912087912088,"ma, k.-l."
350,1106,1,58,0.22857142857142856,"rufiange, s."
351,1080,2,58,0.22857142857142856,"leung, r."
352,73,2,58,0.22857142857142856,"chignell, m.h."
353,1081,2,58,0.22857142857142856,"im, j."
354,72,2,58,0.22857142857142856,"zhao, s."
355,650,2,58,0.22857142857142856,"herman, i."
356,651,2,58,0.22857142857142856,"marshall, m.s."
357,1241,3,58,0.22857142857142856,"chircota, y."
358,251,3,58,0.22857142857142856,"jurisica, i."
359,280,3,58,0.22857142857142856,"viau, c."
360,126,4,58,0.22857142857142856,"jourdan, f."
361,1180,5,58,0.22857142857142856,"auber, d."
362,125,5,58,0.22857142857142856,"chiricota, y."
363,127,6,58,0.22857142857142856,"melancon, g."
364,74,12,58,0.22857142857142856,"mcguffin, m.j."
365,1082,1,72,0.2573099415204678,"zhu, x."
366,1113,2,72,0.2573099415204678,"edsall, r.m."
367,474,3,72,0.2573099415204678,"boscoe, f.p."
368,472,3,72,0.2573099415204678,"haug, d."
369,1225,4,72,0.2573099415204678,"hardisty, f."
370,61,4,72,0.2573099415204678,"gundrum, j."
371,62,4,72,0.2573099415204678,"otto, g."
372,1226,4,72,0.2573099415204678,"lengerich, g."
373,1227,4,72,0.2573099415204678,"xiping, d."
374,473,4,72,0.2573099415204678,"pickle, l."
375,59,4,72,0.2573099415204678,"brewer, i."
376,60,4,72,0.2573099415204678,"abdo, h."
377,1041,5,72,0.2573099415204678,"gahegan, m."
378,1042,5,72,0.2573099415204678,"swingley, d."
379,744,5,72,0.2573099415204678,"guo, d."
380,1040,5,72,0.2573099415204678,"o'brien, j."
381,1039,5,72,0.2573099415204678,"roth, r.e."
382,12,7,72,0.2573099415204678,"li, b."
383,63,19,72,0.2573099415204678,"maceachren, a.m."
384,1031,1,33,0.2210144927536232,"feiner, s.k."
385,899,2,33,0.2210144927536232,"wen, z."
386,1331,2,33,0.2210144927536232,"aggarwal, v."
387,366,2,33,0.2210144927536232,"feng, f."
388,760,2,33,0.2210144927536232,"dearden, j."
389,157,2,33,0.2210144927536232,"walker, j."
390,155,3,33,0.2210144927536232,"jones, m.w."
391,1204,4,33,0.2210144927536232,"sansone, s."
392,892,4,33,0.2210144927536232,"sansone, s.-a."
393,805,5,33,0.2210144927536232,"thornton, i.m."
394,804,5,33,0.2210144927536232,"proctor, k."
395,802,5,33,0.2210144927536232,"janicke, h."
396,803,5,33,0.2210144927536232,"murray, t."
397,367,5,33,0.2210144927536232,"zhou, m.x."
398,894,5,33,0.2210144927536232,"maguire, e."
399,895,5,33,0.2210144927536232,"davies, j."
400,893,5,33,0.2210144927536232,"rocca-serra, p."
401,1077,6,33,0.2210144927536232,"abdul-rahman, a."
402,1078,6,33,0.2210144927536232,"mohamed, f."
403,1079,6,33,0.2210144927536232,"floridi, l."
404,1075,6,33,0.2210144927536232,"reppa, i."
405,1076,6,33,0.2210144927536232,"grant, p.w."
406,156,13,33,0.2210144927536232,"borgo, r."
407,365,17,33,0.2210144927536232,"chen, m."
408,596,1,1,0.19384615384615383,"cox, k.c."
409,701,1,1,0.19384615384615383,"robertson, e.l."
410,1304,2,1,0.19384615384615383,"higgins, m."
411,1303,2,1,0.19384615384615383,"sean, j."
412,269,2,1,0.19384615384615383,"keahey, t.a."
413,268,3,1,0.19384615384615383,"eick, s.g."
414,1299,3,1,0.19384615384615383,"harrison, j."
415,533,3,1,0.19384615384615383,"mattis, j."
416,1298,3,1,0.19384615384615383,"moore, a."
417,1255,3,1,0.19384615384615383,"christel, m.g."
418,1257,3,1,0.19384615384615383,"hauptmann, a.g."
419,1256,3,1,0.19384615384615383,"wactlar, h.d."
420,273,4,1,0.19384615384615383,"chuah, m.c."
421,467,4,1,0.19384615384615383,"kerpedjiev, s."
422,468,4,1,0.19384615384615383,"green, n."
423,469,4,1,0.19384615384615383,"carenini, g."
424,471,4,1,0.19384615384615383,"moore, j."
425,698,7,1,0.19384615384615383,"derthick, m."
426,1045,7,1,0.19384615384615383,"stroffolino, p.j."
427,1046,7,1,0.19384615384615383,"dunmire, c."
428,1048,7,1,0.19384615384615383,"gomberg, c.c."
429,1049,7,1,0.19384615384615383,"burks, m.b."
430,1050,7,1,0.19384615384615383,"senn, j.a."
431,1047,9,1,0.19384615384615383,"lucas, p."
432,534,10,1,0.19384615384615383,"kolojejchick, j."
433,470,16,1,0.19384615384615383,"roth, s.f."
434,621,1,76,0.15692307692307692,"molchanov, v."
435,560,2,76,0.15692307692307692,"tuttle, c."
436,397,2,76,0.15692307692307692,"matute, j."
437,386,3,76,0.15692307692307692,"puechmorel, s."
438,387,3,76,0.15692307692307692,"nicol, f."
439,80,3,76,0.15692307692307692,"lommerse, g."
440,82,3,76,0.15692307692307692,"nossin, f."
441,398,3,76,0.15692307692307692,"linsen, l."
442,81,4,76,0.15692307692307692,"voinea, l."
443,1251,4,76,0.15692307692307692,"telles, g.p."
444,1253,4,76,0.15692307692307692,"paiva, j.g."
445,1275,4,76,0.15692307692307692,"cuminato, j.a."
446,1254,4,76,0.15692307692307692,"florian, l."
447,1252,4,76,0.15692307692307692,"pedrini, h."
448,1276,4,76,0.15692307692307692,"coimbra, d."
449,1277,4,76,0.15692307692307692,"joia, p."
450,1066,4,76,0.15692307692307692,"fatore, f.m."
451,1069,4,76,0.15692307692307692,"sikansi, f."
452,1067,4,76,0.15692307692307692,"fadel, s.g."
453,1070,4,76,0.15692307692307692,"duarte, f.s.l.g."
454,1328,4,76,0.15692307692307692,"cantareiro, g."
455,1291,4,76,0.15692307692307692,"ersoy, o."
456,1248,5,76,0.15692307692307692,"minghim, r."
457,559,6,76,0.15692307692307692,"nonato, l.g."
458,83,12,76,0.15692307692307692,"telea, a.c."
459,1068,13,76,0.15692307692307692,"paulovich, f.v."
460,40,3,42,0.27076923076923076,"foresti, s."
461,42,3,42,0.27076923076923076,"moon, s."
462,836,3,42,0.27076923076923076,"mckenna, s."
463,835,3,42,0.27076923076923076,"mazur, d."
464,1107,5,42,0.27076923076923076,"syroid, n."
465,1111,5,42,0.27076923076923076,"drews, f."
466,1110,5,42,0.27076923076923076,"strayer, d."
467,1109,5,42,0.27076923076923076,"westenskow, d."
468,1108,5,42,0.27076923076923076,"bermudez, j."
469,618,5,42,0.27076923076923076,"li, t."
470,828,6,42,0.27076923076923076,"jusufi, i."
471,829,6,42,0.27076923076923076,"hamann, b."
472,1341,6,42,0.27076923076923076,"thiagarajan, j.j."
473,1340,6,42,0.27076923076923076,"wang, b."
474,1002,8,42,0.27076923076923076,"landge, a.g."
475,1004,8,42,0.27076923076923076,"levine, j.a."
476,1003,8,42,0.27076923076923076,"langer, s.h."
477,619,8,42,0.27076923076923076,"srikumar, v."
478,41,9,42,0.27076923076923076,"livnat, y."
479,827,10,42,0.27076923076923076,"schulz, m."
480,831,10,42,0.27076923076923076,"isaacs, k.e."
481,830,10,42,0.27076923076923076,"gamblin, t."
482,826,10,42,0.27076923076923076,"bhatele, a."
483,39,11,42,0.27076923076923076,"agutter, j."
484,620,15,42,0.27076923076923076,"pascucci, v."
485,617,17,42,0.27076923076923076,"bremer, p.-t."
486,140,2,28,0.17846153846153845,"gansner, e."
487,421,2,28,0.17846153846153845,"ankerst, m."
488,314,2,28,0.17846153846153845,"carmel, l."
489,315,2,28,0.17846153846153845,"harel, d."
490,420,2,28,0.17846153846153845,"berchtold, s."
491,970,3,28,0.17846153846153845,"heilmann, r."
492,496,3,28,0.17846153846153845,"albo, y."
493,497,3,28,0.17846153846153845,"rafaeli, s."
494,495,3,28,0.17846153846153845,"lanir, j."
495,375,3,28,0.17846153846153845,"schneidewind, j."
496,247,3,28,0.17846153846153845,"janetzko, h."
497,852,4,28,0.17846153846153845,"sheleheda, d."
498,1296,4,28,0.17846153846153845,"baker, j."
499,971,4,28,0.17846153846153845,"sips, m."
500,1297,4,28,0.17846153846153845,"d'eletto, r."
501,851,4,28,0.17846153846153845,"rexroad, b."
502,1141,4,28,0.17846153846153845,"ladisch, j."
503,374,5,28,0.17846153846153845,"panse, c."
504,249,6,28,0.17846153846153845,"bak, p."
505,250,6,28,0.17846153846153845,"mansmann, f."
506,1140,6,28,0.17846153846153845,"hsu, m."
507,6,6,28,0.17846153846153845,"koren, y."
508,1138,7,28,0.17846153846153845,"hao, m.c."
509,1139,7,28,0.17846153846153845,"dayal, u."
510,139,9,28,0.17846153846153845,"north, s.c."
511,248,25,28,0.17846153846153845,"keim, d.a."
512,918,1,6,0.16399286987522282,"blanch, r."
513,361,2,6,0.16399286987522282,"schulman, r."
514,1060,2,6,0.16399286987522282,"tanasse, t."
515,359,2,6,0.16399286987522282,"hix, d."
516,47,2,6,0.16399286987522282,"amar, r."
517,10,3,6,0.16399286987522282,"payne, d.a."
518,11,3,6,0.16399286987522282,"turner, a.e."
519,521,3,6,0.16399286987522282,"martucci, l."
520,1055,3,6,0.16399286987522282,"jones, j.a."
521,1056,3,6,0.16399286987522282,"harrold, m.j."
522,1261,4,6,0.16399286987522282,"adams, d."
523,520,4,6,0.16399286987522282,"whitney, p."
524,746,4,6,0.16399286987522282,"cohe, a."
525,745,4,6,0.16399286987522282,"liutkus, b."
526,1144,4,6,0.16399286987522282,"miller, n."
527,747,5,6,0.16399286987522282,"lecolinet, e."
528,2,5,6,0.16399286987522282,"mackey, p."
529,656,5,6,0.16399286987522282,"cowley, w."
530,360,5,6,0.16399286987522282,"nowell, l."
531,666,5,6,0.16399286987522282,"havre, s."
532,543,6,6,0.16399286987522282,"pottier, m."
533,546,6,6,0.16399286987522282,"schur, a."
534,547,6,6,0.16399286987522282,"pennock, k."
535,544,6,6,0.16399286987522282,"lantrip, d."
536,545,6,6,0.16399286987522282,"wise, j.a."
537,611,7,6,0.16399286987522282,"bailly, g."
538,657,8,6,0.16399286987522282,"jurrus, e."
539,1,8,6,0.16399286987522282,"foote, h."
540,3,9,6,0.16399286987522282,"perrine, k."
541,9,9,6,0.16399286987522282,"crow, v."
542,8,12,6,0.16399286987522282,"hetzler, e."
543,4,13,6,0.16399286987522282,"eagan, j."
544,5,13,6,0.16399286987522282,"wong, p.c."
545,0,17,6,0.16399286987522282,"thomas, j."
546,557,1,24,0.1507823613086771,"dasgupta, a."
547,17,2,24,0.1507823613086771,"bendix, f."
548,508,3,24,0.1507823613086771,"yang, f."
549,438,3,24,0.1507823613086771,"wu, e."
550,440,3,24,0.1507823613086771,"mosca, a."
551,439,3,24,0.1507823613086771,"ryan, g."
552,583,3,24,0.1507823613086771,"deng, c."
553,639,3,24,0.1507823613086771,"o'brien, t.m."
554,640,3,24,0.1507823613086771,"raphael, b.j."
555,638,3,24,0.1507823613086771,"ritz, a.m."
556,582,3,24,0.1507823613086771,"feng, m."
557,426,4,24,0.1507823613086771,"wang, a.s."
558,428,4,24,0.1507823613086771,"silverman, a.t."
559,429,4,24,0.1507823613086771,"parker, m.l."
560,1211,4,24,0.1507823613086771,"dou, w."
561,1212,4,24,0.1507823613086771,"wartell, z."
562,1213,4,24,0.1507823613086771,"butkiewicz, t."
563,818,4,24,0.1507823613086771,"guo, h."
564,816,4,24,0.1507823613086771,"gomez, s.r."
565,817,4,24,0.1507823613086771,"jianu, r."
566,874,4,24,0.1507823613086771,"wessel, g."
567,875,4,24,0.1507823613086771,"sauda, e."
568,427,5,24,0.1507823613086771,"schloss, k.b."
569,425,5,24,0.1507823613086771,"gramazio, c.c."
570,1236,6,24,0.1507823613086771,"hakone, a."
571,1238,6,24,0.1507823613086771,"winters, n."
572,1237,6,24,0.1507823613086771,"gutheil, c."
573,291,7,24,0.1507823613086771,"taylor, h.a."
574,293,7,24,0.1507823613086771,"afergan, d."
575,873,7,24,0.1507823613086771,"ribarsky, w."
576,15,9,24,0.1507823613086771,"kosara, r."
577,290,9,24,0.1507823613086771,"peck, e."
578,465,9,24,0.1507823613086771,"laidlaw, d.h."
579,296,10,24,0.1507823613086771,"ottley, a."
580,295,10,24,0.1507823613086771,"han, p.k.j."
581,292,12,24,0.1507823613086771,"ziemkiewicz, c."
582,294,14,24,0.1507823613086771,"harrison, l."
583,289,22,24,0.1507823613086771,"chang, r."
584,1229,1,4,0.11613475177304965,"lloyd, d."
585,880,1,4,0.11613475177304965,"brunsdon, c."
586,1326,2,4,0.11613475177304965,"sondag, m."
587,1148,2,4,0.11613475177304965,"filzmoser, p."
588,325,2,4,0.11613475177304965,"ledermann, f."
589,326,2,4,0.11613475177304965,"doleisch, h."
590,1215,2,4,0.11613475177304965,"buchin, k."
591,1306,2,4,0.11613475177304965,"gerdes, j."
592,884,2,4,0.11613475177304965,"freiler, w."
593,945,3,4,0.11613475177304965,"lundervold, a."
594,264,3,4,0.11613475177304965,"badawood, d."
595,108,3,4,0.11613475177304965,"quinan, p.s."
596,1083,3,4,0.11613475177304965,"reimer, a."
597,1219,3,4,0.11613475177304965,"lein, j."
598,1221,3,4,0.11613475177304965,"coles, k."
599,872,3,4,0.11613475177304965,"clarke, k."
600,541,3,4,0.11613475177304965,"verbeek, k."
601,751,3,4,0.11613475177304965,"depace, a."
602,946,3,4,0.11613475177304965,"lundervold, a.j."
603,198,3,4,0.11613475177304965,"liu, l."
604,1084,3,4,0.11613475177304965,"van goethem, a."
605,349,3,4,0.11613475177304965,"sainitzer, r."
606,197,3,4,0.11613475177304965,"house, d.h."
607,951,4,4,0.11613475177304965,"staals, f."
608,952,4,4,0.11613475177304965,"löffler, m."
609,953,4,4,0.11613475177304965,"van, g.a."
610,580,4,4,0.11613475177304965,"kerzner, e."
611,1220,4,4,0.11613475177304965,"mccurdy, n."
612,350,4,4,0.11613475177304965,"matkovic, k."
613,106,5,4,0.11613475177304965,"creem-regehr, s.h."
614,107,5,4,0.11613475177304965,"padilla, l."
615,987,5,4,0.11613475177304965,"meulemans, w."
616,774,5,4,0.11613475177304965,"beecham, r."
617,797,7,4,0.11613475177304965,"boukhelifa, n."
618,1123,8,4,0.11613475177304965,"dillingham, i."
619,1124,8,4,0.11613475177304965,"duffy, a."
620,1125,8,4,0.11613475177304965,"kachkaev, a."
621,1122,8,4,0.11613475177304965,"dove, g."
622,798,9,4,0.11613475177304965,"isenberg, t."
623,581,10,4,0.11613475177304965,"jones, s."
624,542,10,4,0.11613475177304965,"speckmann, b."
625,906,10,4,0.11613475177304965,"turkay, c."
626,579,14,4,0.11613475177304965,"goodwin, s."
627,265,17,4,0.11613475177304965,"slingsby, a."
628,16,18,4,0.11613475177304965,"hauser, h."
629,266,20,4,0.11613475177304965,"wood, j."
630,105,21,4,0.11613475177304965,"meyer, m."
631,263,25,4,0.11613475177304965,"dykes, j."
632,1231,1,68,0.06988120195667366,"cappers, b.c.m."
633,820,1,68,0.06988120195667366,"van der corput, p."
634,76,1,68,0.06988120195667366,"zotti, g."
635,866,1,68,0.06988120195667366,"van selow, e.r."
636,788,1,68,0.06988120195667366,"johansson, s."
637,1118,1,68,0.06988120195667366,"tavanti, m."
638,1216,1,68,0.06988120195667366,"claessen, j.h.t."
639,794,1,68,0.06988120195667366,"van den elzen, s."
640,1224,1,68,0.06988120195667366,"nuij, w.a.a."
641,45,2,68,0.06988120195667366,"seipel, s."
642,1247,2,68,0.06988120195667366,"luboschik, m."
643,1246,2,68,0.06988120195667366,"cords, h."
644,823,2,68,0.06988120195667366,"lopez, n."
645,1146,2,68,0.06988120195667366,"kleiberg, e."
646,351,2,68,0.06988120195667366,"bingham, g.p."
647,352,2,68,0.06988120195667366,"forser, c."
648,1249,2,68,0.06988120195667366,"hadlak, s."
649,1181,2,68,0.06988120195667366,"vliegen, r."
650,1182,2,68,0.06988120195667366,"van der linden, e.-j."
651,253,2,68,0.06988120195667366,"vrotsou, k."
652,228,3,68,0.06988120195667366,"mühlbacher, t."
653,230,3,68,0.06988120195667366,"arbesser, c."
654,1172,3,68,0.06988120195667366,"kehrer, j."
655,824,3,68,0.06988120195667366,"kreuseler, m."
656,1165,3,68,0.06988120195667366,"heitzler, m."
657,755,3,68,0.06988120195667366,"muigg, p."
658,1129,3,68,0.06988120195667366,"carpenter, a.e."
659,1131,3,68,0.06988120195667366,"bray, m."
660,1130,3,68,0.06988120195667366,"ruddle, r.a."
661,20,3,68,0.06988120195667366,"jern, m."
662,18,3,68,0.06988120195667366,"ljung, p."
663,43,4,68,0.06988120195667366,"forsell, c."
664,978,4,68,0.06988120195667366,"nocke, t."
665,799,4,68,0.06988120195667366,"heinzl, c."
666,800,4,68,0.06988120195667366,"bruckner, s."
667,1023,4,68,0.06988120195667366,"pretorius, a.j."
668,19,4,68,0.06988120195667366,"cooper, m."
669,332,5,68,0.06988120195667366,"willems, n."
670,44,5,68,0.06988120195667366,"lind, m."
671,1239,5,68,0.06988120195667366,"pajer, s."
672,1240,5,68,0.06988120195667366,"torsney-weir, t."
673,756,5,68,0.06988120195667366,"berger, w."
674,330,6,68,0.06988120195667366,"scheepens, r."
675,333,7,68,0.06988120195667366,"andrienko, n."
676,331,7,68,0.06988120195667366,"andrienko, g."
677,21,7,68,0.06988120195667366,"johansson, j."
678,229,7,68,0.06988120195667366,"spechtenhauser, f."
679,77,7,68,0.06988120195667366,"gröller, m.e."
680,754,8,68,0.06988120195667366,"tominski, c."
681,329,8,68,0.06988120195667366,"van de wetering, h."
682,133,9,68,0.06988120195667366,"möller, t."
683,822,11,68,0.06988120195667366,"schumann, h."
684,231,15,68,0.06988120195667366,"piringer, h."
685,187,21,68,0.06988120195667366,"van wijk, j.j."
686,153,1,25,0.07617051013277429,"tsigas, p."
687,1112,1,25,0.07617051013277429,"armstrong, z."
688,1027,1,25,0.07617051013277429,"aris, a."
689,860,1,25,0.07617051013277429,"boltman, a."
690,1245,1,25,0.07617051013277429,"byron, l."
691,413,1,25,0.07617051013277429,"appel, a.w."
692,891,1,25,0.07617051013277429,"rogowitz, b."
693,480,2,25,0.07617051013277429,"sibert, j.l."
694,481,2,25,0.07617051013277429,"rohrer, r.m."
695,624,2,25,0.07617051013277429,"patnaik, b."
696,625,2,25,0.07617051013277429,"batch, a."
697,237,2,25,0.07617051013277429,"chanana, k."
698,238,2,25,0.07617051013277429,"dunne, c."
699,1025,2,25,0.07617051013277429,"krishnan, n."
700,750,2,25,0.07617051013277429,"beigel, r."
701,636,2,25,0.07617051013277429,"javed, w."
702,637,2,25,0.07617051013277429,"mcdonnel, b."
703,355,2,25,0.07617051013277429,"grosjean, j."
704,1149,2,25,0.07617051013277429,"finocchi, i."
705,675,2,25,0.07617051013277429,"feinberg, j."
706,834,2,25,0.07617051013277429,"yalcin, m.a."
707,749,2,25,0.07617051013277429,"tanin, e."
708,252,2,25,0.07617051013277429,"perer, a."
709,1020,3,25,0.07617051013277429,"donath, j."
710,1021,3,25,0.07617051013277429,"howe, e."
711,1192,3,25,0.07617051013277429,"pack, m.l."
712,239,3,25,0.07617051013277429,"zhang, y."
713,1191,3,25,0.07617051013277429,"guerra-gomez, j."
714,414,3,25,0.07617051013277429,"korn, j."
715,1019,3,25,0.07617051013277429,"perry, e."
716,734,4,25,0.07617051013277429,"mckeon, m."
717,871,4,25,0.07617051013277429,"kriss, j."
718,933,4,25,0.07617051013277429,"jang, y."
719,934,4,25,0.07617051013277429,"afzal, s."
720,442,4,25,0.07617051013277429,"klokmose, c.n."
721,441,4,25,0.07617051013277429,"mathisen, a."
722,444,4,25,0.07617051013277429,"rädle, r."
723,144,4,25,0.07617051013277429,"abello, j."
724,935,5,25,0.07617051013277429,"maciejewski, r."
725,356,5,25,0.07617051013277429,"bederson, b.b."
726,443,5,25,0.07617051013277429,"badam, s.k."
727,479,6,25,0.07617051013277429,"ebert, d.s."
728,720,7,25,0.07617051013277429,"mukherjee, v."
729,721,7,25,0.07617051013277429,"marchand, g."
730,722,7,25,0.07617051013277429,"wang, t.d."
731,719,7,25,0.07617051013277429,"spring, n."
732,718,7,25,0.07617051013277429,"smith, m."
733,716,7,25,0.07617051013277429,"roseman, d."
734,676,8,25,0.07617051013277429,"viégas, f.b."
735,64,9,25,0.07617051013277429,"wattenberg, m."
736,143,10,25,0.07617051013277429,"van ham, f."
737,319,12,25,0.07617051013277429,"plaisant, c."
738,717,15,25,0.07617051013277429,"shneiderman, b."
739,154,21,25,0.07617051013277429,"elmqvist, n."
740,982,1,49,0.07756813417190776,"williams, m."
741,928,2,49,0.07756813417190776,"kwon, b.c."
742,1038,2,49,0.07756813417190776,"cowperthwaite, d.j."
743,809,2,49,0.07756813417190776,"dreezer, r."
744,71,2,49,0.07756813417190776,"hildebrand, k."
745,70,2,49,0.07756813417190776,"slack, j."
746,1230,2,49,0.07756813417190776,"ferstay, j.a."
747,634,2,49,0.07756813417190776,"grammel, l."
748,807,2,49,0.07756813417190776,"tsang, h.y."
749,298,3,49,0.07756813417190776,"jones, s.j.m."
750,704,3,49,0.07756813417190776,"wong, k."
751,705,3,49,0.07756813417190776,"muller, h.a."
752,1244,3,49,0.07756813417190776,"barsky, a."
753,832,3,49,0.07756813417190776,"frank, a."
754,612,3,49,0.07756813417190776,"choe, e.k."
755,122,3,49,0.07756813417190776,"interrante, v."
756,949,3,49,0.07756813417190776,"healey, c."
757,735,3,49,0.07756813417190776,"stray, j."
758,736,3,49,0.07756813417190776,"ingram, s."
759,123,3,49,0.07756813417190776,"hagh-shenas, h."
760,1333,3,49,0.07756813417190776,"ng, j."
761,297,3,49,0.07756813417190776,"jackman, s.d."
762,299,3,49,0.07756813417190776,"birol, i."
763,1243,3,49,0.07756813417190776,"gardy, j."
764,983,3,49,0.07756813417190776,"claffy, k."
765,984,3,49,0.07756813417190776,"fenner, b."
766,907,3,49,0.07756813417190776,"jacko, j.a."
767,1332,3,49,0.07756813417190776,"tate, k."
768,808,3,49,0.07756813417190776,"swindells, c."
769,1088,4,49,0.07756813417190776,"khot, r.a."
770,1089,4,49,0.07756813417190776,"tabard, a."
771,1090,4,49,0.07756813417190776,"stusak, s."
772,585,4,49,0.07756813417190776,"kincaid, r."
773,811,4,49,0.07756813417190776,"dong, z."
774,813,4,49,0.07756813417190776,"upatising, b."
775,812,4,49,0.07756813417190776,"xian, h."
776,913,4,49,0.07756813417190776,fuqu wu
777,915,4,49,0.07756813417190776,"sprague, d.w."
778,914,4,49,0.07756813417190776,"so, w.y."
779,1087,4,49,0.07756813417190776,"sauka, f."
780,300,5,49,0.07756813417190776,"nielsen, c.b."
781,635,5,49,0.07756813417190776,"storey, m."
782,703,5,49,0.07756813417190776,"fracchia, f.d."
783,897,5,49,0.07756813417190776,"hung, y."
784,814,6,49,0.07756813417190776,"kim, s.-h."
785,898,7,49,0.07756813417190776,"lee, s."
786,833,7,49,0.07756813417190776,"butz, a."
787,896,7,49,0.07756813417190776,"kang, y."
788,501,8,49,0.07756813417190776,"lam, h."
789,124,8,49,0.07756813417190776,"kim, s."
790,389,9,49,0.07756813417190776,"brehmer, m."
791,810,11,49,0.07756813417190776,"yi, j.s."
792,134,16,49,0.07756813417190776,"tory, m."
793,69,31,49,0.07756813417190776,"munzner, t."
794,821,1,20,0.08311688311688312,"woodruff, a."
795,338,1,20,0.08311688311688312,"amenta, n."
796,78,1,20,0.08311688311688312,"boyd, d."
797,523,1,20,0.08311688311688312,"stone, m.c."
798,561,1,20,0.08311688311688312,"segel, e."
799,312,2,20,0.08311688311688312,"bostock, m."
800,313,2,20,0.08311688311688312,"ogievetsky, v."
801,548,2,20,0.08311688311688312,"kong, n."
802,345,2,20,0.08311688311688312,"selassie, d."
803,357,2,20,0.08311688311688312,"olston, c."
804,1311,2,20,0.08311688311688312,"grossman, r."
805,85,2,20,0.08311688311688312,"lin, s."
806,380,2,20,0.08311688311688312,"mayhua, a."
807,511,2,20,0.08311688311688312,"demiralp, c.d."
808,512,2,20,0.08311688311688312,"bernstein, m.s."
809,601,2,20,0.08311688311688312,"dang, t.n."
810,379,2,20,0.08311688311688312,"poco, j."
811,748,2,20,0.08311688311688312,"card, s.k."
812,1222,2,20,0.08311688311688312,"bosche, r."
813,346,2,20,0.08311688311688312,"heller, b."
814,241,2,20,0.08311688311688312,"gerth, j."
815,986,3,20,0.08311688311688312,"russell, r."
816,381,3,20,0.08311688311688312,"tang, d."
817,985,3,20,0.08311688311688312,"hoffswell, j."
818,1289,3,20,0.08311688311688312,"phan, d."
819,1290,3,20,0.08311688311688312,"yeh, r."
820,463,3,20,0.08311688311688312,"riedl, j."
821,623,3,20,0.08311688311688312,"barry, p."
822,522,3,20,0.08311688311688312,"setlur, v."
823,870,3,20,0.08311688311688312,"rosenblum, m."
824,869,3,20,0.08311688311688312,"bosch, r."
825,602,3,20,0.08311688311688312,"wilkinson, l."
826,622,3,20,0.08311688311688312,"konstan, j."
827,1288,3,20,0.08311688311688312,"xiao, l."
828,1250,4,20,0.08311688311688312,"wu, l."
829,464,4,20,0.08311688311688312,"chi, e.h."
830,255,5,20,0.08311688311688312,"satyanarayan, a."
831,549,5,20,0.08311688311688312,"agrawala, m."
832,576,6,20,0.08311688311688312,"smith, a.m."
833,574,6,20,0.08311688311688312,"lin, h."
834,925,6,20,0.08311688311688312,"dong, x."
835,577,6,20,0.08311688311688312,"nelson, g.l."
836,924,6,20,0.08311688311688312,"halevy, a."
837,575,6,20,0.08311688311688312,"wang, c."
838,926,7,20,0.08311688311688312,"chan, b."
839,927,7,20,0.08311688311688312,"cammarano, m."
840,337,7,20,0.08311688311688312,"klingner, j."
841,382,8,20,0.08311688311688312,"stolte, c."
842,217,9,20,0.08311688311688312,"wongsuphasawat, k."
843,578,9,20,0.08311688311688312,"howe, b."
844,492,10,20,0.08311688311688312,"anand, a."
845,358,10,20,0.08311688311688312,"mackinlay, j.d."
846,254,10,20,0.08311688311688312,"moritz, d."
847,84,11,20,0.08311688311688312,"talbot, j."
848,86,17,20,0.08311688311688312,"hanrahan, p."
849,79,30,20,0.08311688311688312,"heer, j."
850,219,1,5,0.07364114552893045,"veras, r."
851,957,1,5,0.07364114552893045,"kondo, b."
852,727,2,5,0.07364114552893045,"tobiasz, m."
853,1228,2,5,0.07364114552893045,"schmidt, h."
854,1262,2,5,0.07364114552893045,"gali, g."
855,1316,2,5,0.07364114552893045,"fanea, e."
856,1024,2,5,0.07364114552893045,"davison, g."
857,424,2,5,0.07364114552893045,"forlini, s."
858,94,2,5,0.07364114552893045,"legrady, g."
859,1217,2,5,0.07364114552893045,"greenberg, s."
860,1218,2,5,0.07364114552893045,"wong, n."
861,801,2,5,0.07364114552893045,"penn, g."
862,422,2,5,0.07364114552893045,"moynihan, b."
863,283,3,5,0.07364114552893045,"seiffert, f."
864,1329,3,5,0.07364114552893045,"kuchera-morin, j."
865,838,3,5,0.07364114552893045,"dumais, s."
866,1293,3,5,0.07364114552893045,"thudt, a."
867,88,3,5,0.07364114552893045,"muller, b."
868,89,3,5,0.07364114552893045,"thom, a."
869,1085,3,5,0.07364114552893045,"sahlemariam haile, y."
870,1086,3,5,0.07364114552893045,"knudsen, s."
871,1005,3,5,0.07364114552893045,"jakobsen, m.r."
872,91,3,5,0.07364114552893045,"gruen, d."
873,362,3,5,0.07364114552893045,"pietriga, e."
874,282,3,5,0.07364114552893045,"boring, s."
875,87,3,5,0.07364114552893045,"stahnke, j."
876,483,4,5,0.07364114552893045,"hill, m."
877,854,4,5,0.07364114552893045,"andré, e."
878,855,4,5,0.07364114552893045,"vermeulen, j."
879,93,4,5,0.07364114552893045,"williamson, c."
880,423,4,5,0.07364114552893045,"hinrichs, u."
881,484,4,5,0.07364114552893045,"kamal, n."
882,95,4,5,0.07364114552893045,"forbes, a.g."
883,1132,4,5,0.07364114552893045,"venolia, g."
884,1133,4,5,0.07364114552893045,"fawcett, p."
885,900,4,5,0.07364114552893045,"johns, p."
886,853,4,5,0.07364114552893045,"koytek, p."
887,364,4,5,0.07364114552893045,"zhao, j."
888,645,5,5,0.07364114552893045,"wun, t."
889,485,5,5,0.07364114552893045,"loorak, m.h."
890,643,5,5,0.07364114552893045,"pusch, r."
891,316,5,5,0.07364114552893045,"ramos, g."
892,101,5,5,0.07364114552893045,"taher, f."
893,104,5,5,0.07364114552893045,"hardy, j."
894,103,5,5,0.07364114552893045,"alexander, j."
895,100,5,5,0.07364114552893045,"woodruff, j."
896,281,6,5,0.07364114552893045,"baur, d."
897,96,6,5,0.07364114552893045,"hollerer, t."
898,75,6,5,0.07364114552893045,"balakrishnan, r."
899,318,6,5,0.07364114552893045,"alper, b."
900,363,8,5,0.07364114552893045,"chevalier, f."
901,99,8,5,0.07364114552893045,"hornbæk, k."
902,102,9,5,0.07364114552893045,"jansen, y."
903,644,10,5,0.07364114552893045,"huron, s."
904,642,10,5,0.07364114552893045,"walny, j."
905,90,10,5,0.07364114552893045,"dork, m."
906,218,11,5,0.07364114552893045,"collins, c."
907,392,17,5,0.07364114552893045,"perin, c."
908,92,35,5,0.07364114552893045,"carpendale, s."
909,1114,1,11,0.10999471179270227,"gou, l."
910,288,2,11,0.10999471179270227,"peuquet, d.j."
911,778,3,11,0.10999471179270227,"polk, t."
912,779,3,11,0.10999471179270227,"zhao, y."
913,881,3,11,0.10999471179270227,"che, l."
914,710,3,11,0.10999471179270227,"wu, z."
915,709,3,11,0.10999471179270227,"wei, h."
916,786,4,11,0.10999471179270227,"xiao, h."
917,940,4,11,0.10999471179270227,"wei, e."
918,785,4,11,0.10999471179270227,"guo, p."
919,939,4,11,0.10999471179270227,"liu, y."
920,729,4,11,0.10999471179270227,"ligierko, g."
921,938,4,11,0.10999471179270227,"liu, m."
922,731,4,11,0.10999471179270227,"gritsai, p."
923,730,4,11,0.10999471179270227,"ancuta, o."
924,614,4,11,0.10999471179270227,"wang, q."
925,615,4,11,0.10999471179270227,"fu, s."
926,728,4,11,0.10999471179270227,"douma, m."
927,964,5,11,0.10999471179270227,"sun, x."
928,965,5,11,0.10999471179270227,"lazer, d."
929,308,5,11,0.10999471179270227,"sun, j."
930,963,5,11,0.10999471179270227,"lin, y."
931,567,5,11,0.10999471179270227,"deng, z."
932,568,5,11,0.10999471179270227,"chen, r."
933,565,5,11,0.10999471179270227,"wu, f."
934,566,5,11,0.10999471179270227,"weng, d."
935,992,5,11,0.10999471179270227,"tang, t."
936,806,5,11,0.10999471179270227,"lin, y.-r."
937,993,5,11,0.10999471179270227,"yu, l."
938,994,5,11,0.10999471179270227,"lai, j."
939,995,5,11,0.10999471179270227,"rubab, s."
940,837,5,11,0.10999471179270227,"xu, p."
941,307,6,11,0.10999471179270227,"gotz, d."
942,777,6,11,0.10999471179270227,"hu, y."
943,537,6,11,0.10999471179270227,"au, n."
944,408,6,11,0.10999471179270227,"zhu, m."
945,410,6,11,0.10999471179270227,"yang, s."
946,412,6,11,0.10999471179270227,"zhou, z."
947,514,6,11,0.10999471179270227,"xia, j."
948,519,6,11,0.10999471179270227,"guo, f."
949,518,6,11,0.10999471179270227,"pan, j."
950,515,6,11,0.10999471179270227,"han, d."
951,535,6,11,0.10999471179270227,"wei, f."
952,513,6,11,0.10999471179270227,"nie, x."
953,1313,7,11,0.10999471179270227,"song, y."
954,287,7,11,0.10999471179270227,"chen, j."
955,1312,7,11,0.10999471179270227,"tan, l."
956,1315,7,11,0.10999471179270227,"gao, z."
957,1314,7,11,0.10999471179270227,"tong, x."
958,616,9,11,0.10999471179270227,"li, z."
959,409,9,11,0.10999471179270227,"shen, q."
960,517,10,11,0.10999471179270227,"zhang, x."
961,539,11,11,0.10999471179270227,"zhou, h."
962,787,11,11,0.10999471179270227,"yuan, x."
963,516,11,11,0.10999471179270227,"chen, w."
964,309,12,11,0.10999471179270227,"cao, n."
965,165,13,11,0.10999471179270227,"archambault, d."
966,36,14,11,0.10999471179270227,"shi, c."
967,536,27,11,0.10999471179270227,"cui, w."
968,405,29,11,0.10999471179270227,"wu, y."
969,306,34,11,0.10999471179270227,"qu, h."
970,538,37,11,0.10999471179270227,"liu, s."
971,1022,1,13,0.09626216077828981,"gossett, n."
972,240,1,13,0.09626216077828981,"nick, b."
973,1214,1,13,0.09626216077828981,"chi, m."
974,274,1,13,0.09626216077828981,"corman, s.r."
975,208,1,13,0.09626216077828981,"rodrigues, n."
976,212,2,13,0.09626216077828981,"ziefle, m."
977,850,2,13,0.09626216077828981,"fua, y.-h."
978,32,2,13,0.09626216077828981,"lerner, j."
979,67,2,13,0.09626216077828981,"balzer, m."
980,30,2,13,0.09626216077828981,"fleischer, d."
981,1200,2,13,0.09626216077828981,"bottger, j."
982,210,2,13,0.09626216077828981,"valdez, a.c."
983,1193,2,13,0.09626216077828981,"reinhardt, t."
984,883,3,13,0.09626216077828981,"zinsmaier, m."
985,1037,3,13,0.09626216077828981,"cui, q."
986,941,3,13,0.09626216077828981,"görtler, j."
987,1264,3,13,0.09626216077828981,"brown, d.c."
988,1263,3,13,0.09626216077828981,"rosario, g.e."
989,1018,3,13,0.09626216077828981,"peng, w."
990,377,4,13,0.09626216077828981,"konevtsova, n."
991,378,4,13,0.09626216077828981,"heinrich, j."
992,1167,4,13,0.09626216077828981,"mehler, a."
993,1168,4,13,0.09626216077828981,"skiena, s."
994,376,4,13,0.09626216077828981,"hoeferlin, m."
995,1166,4,13,0.09626216077828981,"bao, y."
996,302,4,13,0.09626216077828981,"beck, f."
997,303,4,13,0.09626216077828981,"diehl, s."
998,1156,5,13,0.09626216077828981,"hlawatsch, m."
999,905,5,13,0.09626216077828981,"goertler, j."
1000,1157,5,13,0.09626216077828981,"balakrishnan, s."
1001,1012,5,13,0.09626216077828981,"huang, s."
1002,1010,5,13,0.09626216077828981,"mehta, n."
1003,1011,5,13,0.09626216077828981,"patro, a."
1004,825,5,13,0.09626216077828981,"nocaj, a."
1005,683,5,13,0.09626216077828981,"netzel, r."
1006,1194,5,13,0.09626216077828981,"vehlow, c."
1007,399,6,13,0.09626216077828981,"lan, j."
1008,400,6,13,0.09626216077828981,"shu, x."
1009,401,6,13,0.09626216077828981,"zhao, k."
1010,402,6,13,0.09626216077828981,"ji, c."
1011,904,6,13,0.09626216077828981,"schulz, c."
1012,571,6,13,0.09626216077828981,"chu, x."
1013,1309,7,13,0.09626216077828981,"ge, t."
1014,864,7,13,0.09626216077828981,"lu, k."
1015,1310,7,13,0.09626216077828981,"chen, x."
1016,865,8,13,0.09626216077828981,"sun, y."
1017,923,8,13,0.09626216077828981,"li, x."
1018,403,9,13,0.09626216077828981,"wang, j."
1019,339,9,13,0.09626216077828981,"yang, j."
1020,430,9,13,0.09626216077828981,"schmauder, h."
1021,570,9,13,0.09626216077828981,"zhu, l."
1022,573,9,13,0.09626216077828981,"bao, c."
1023,31,11,13,0.09626216077828981,"brandes, u."
1024,341,11,13,0.09626216077828981,"rundensteiner, e.a."
1025,301,11,13,0.09626216077828981,"burch, m."
1026,340,11,13,0.09626216077828981,"ward, m.o."
1027,404,12,13,0.09626216077828981,"zhang, h."
1028,572,13,13,0.09626216077828981,"chen, b."
1029,431,14,13,0.09626216077828981,"fu, c."
1030,209,22,13,0.09626216077828981,"weiskopf, d."
1031,211,26,13,0.09626216077828981,"sedlmair, m."
1032,411,26,13,0.09626216077828981,"wang, y."
1033,68,28,13,0.09626216077828981,"deussen, o."
1034,540,1,22,0.07553143374038897,"jerding, d.f."
1035,193,2,22,0.07553143374038897,"faust, r."
1036,194,2,22,0.07553143374038897,"glickenstein, d."
1037,1026,2,22,0.07553143374038897,"klosowski, j.t."
1038,867,2,22,0.07553143374038897,"pousman, z."
1039,868,2,22,0.07553143374038897,"mateas, m."
1040,1072,3,22,0.07553143374038897,"kim, h."
1041,1071,3,22,0.07553143374038897,"brown, e.t."
1042,1099,3,22,0.07553143374038897,"guo, c."
1043,167,3,22,0.07553143374038897,"lehmann, o."
1044,175,3,22,0.07553143374038897,"srinivasan, a."
1045,673,3,22,0.07553143374038897,"borner, k."
1046,674,3,22,0.07553143374038897,"kobourov, s."
1047,930,3,22,0.07553143374038897,"dove, a."
1048,998,3,22,0.07553143374038897,"comba, j.l.d."
1049,936,3,22,0.07553143374038897,"boyle, j.m."
1050,235,3,22,0.07553143374038897,"sarvghad, a."
1051,234,3,22,0.07553143374038897,"weibel, n."
1052,1265,3,22,0.07553143374038897,"romero, m."
1053,931,3,22,0.07553143374038897,"sadana, r."
1054,937,3,22,0.07553143374038897,"pileggi, h."
1055,996,3,22,0.07553143374038897,"stephens, s.a."
1056,1266,3,22,0.07553143374038897,"summet, j."
1057,169,3,22,0.07553143374038897,"handte, m."
1058,168,3,22,0.07553143374038897,"csallner, c."
1059,1267,3,22,0.07553143374038897,"abowd, g.d."
1060,997,3,22,0.07553143374038897,"pahins, c.a.l."
1061,784,3,22,0.07553143374038897,"kindlmann, g."
1062,1286,3,22,0.07553143374038897,"li, m."
1063,384,4,22,0.07553143374038897,"major, t."
1064,1279,4,22,0.07553143374038897,"wei, y."
1065,1278,4,22,0.07553143374038897,"bhaskar, a.s."
1066,1014,4,22,0.07553143374038897,"wilson, a.t."
1067,180,4,22,0.07553143374038897,"hess, r."
1068,181,4,22,0.07553143374038897,"metoyer, r."
1069,178,4,22,0.07553143374038897,"pham, t."
1070,1269,4,22,0.07553143374038897,"mehrotra, h."
1071,1270,4,22,0.07553143374038897,"clear, t."
1072,177,4,22,0.07553143374038897,"ju, c."
1073,179,5,22,0.07553143374038897,"zhang, e."
1074,164,5,22,0.07553143374038897,"simonetto, p."
1075,385,5,22,0.07553143374038897,"basole, r.c."
1076,216,5,22,0.07553143374038897,"hu, m."
1077,261,6,22,0.07553143374038897,"kelling, s."
1078,260,6,22,0.07553143374038897,"wood, c."
1079,259,6,22,0.07553143374038897,"freire, j."
1080,388,6,22,0.07553143374038897,"ren, d."
1081,769,6,22,0.07553143374038897,"chau, d.h."
1082,770,6,22,0.07553143374038897,"goel, a."
1083,771,6,22,0.07553143374038897,"kahng, m."
1084,773,6,22,0.07553143374038897,"foerster, f."
1085,434,6,22,0.07553143374038897,"wall, e."
1086,257,6,22,0.07553143374038897,"fink, d."
1087,433,6,22,0.07553143374038897,"agnihotri, m."
1088,768,6,22,0.07553143374038897,"lin, z."
1089,258,8,22,0.07553143374038897,"silva, c."
1090,262,8,22,0.07553143374038897,"lins, l."
1091,435,8,22,0.07553143374038897,"matzen, l."
1092,437,8,22,0.07553143374038897,"divis, k."
1093,436,8,22,0.07553143374038897,"haass, m."
1094,772,8,22,0.07553143374038897,"stolper, c.d."
1095,233,8,22,0.07553143374038897,"saket, b."
1096,256,10,22,0.07553143374038897,"ferreira, n."
1097,232,13,22,0.07553143374038897,"endert, a."
1098,432,16,22,0.07553143374038897,"wang, z."
1099,166,16,22,0.07553143374038897,"scheidegger, c."
1100,46,48,22,0.07553143374038897,"stasko, j."
1101,98,1,52,0.08089887640449438,"ren, l."
1102,509,2,52,0.08089887640449438,"haehn, d."
1103,662,2,52,0.08089887640449438,"westenberg, m.a."
1104,456,2,52,0.08089887640449438,"nobre, c."
1105,815,2,52,0.08089887640449438,"sullivan, t."
1106,528,2,52,0.08089887640449438,"finger, j."
1107,1210,2,52,0.08089887640449438,"nersessian, n."
1108,110,3,52,0.08089887640449438,"gehrmann, s."
1109,111,3,52,0.08089887640449438,"rush, a.m."
1110,475,3,52,0.08089887640449438,"bielser, d."
1111,477,3,52,0.08089887640449438,"strasser, t."
1112,150,3,52,0.08089887640449438,"federico, p."
1113,152,3,52,0.08089887640449438,"bogl, m."
1114,149,3,52,0.08089887640449438,"gschwandtner, t."
1115,564,4,52,0.08089887640449438,"kerpedjiev, p."
1116,562,4,52,0.08089887640449438,"lekschas, f."
1117,323,4,52,0.08089887640449438,"waldner, m."
1118,322,4,52,0.08089887640449438,"steinberger, m."
1119,476,4,52,0.08089887640449438,"sprenger, t.c."
1120,284,4,52,0.08089887640449438,"chul, b."
1121,752,4,52,0.08089887640449438,"kashofer, k."
1122,278,5,52,0.08089887640449438,"im, h."
1123,277,5,52,0.08089887640449438,"schriber, s."
1124,1232,5,52,0.08089887640449438,"reiling, s."
1125,1234,5,52,0.08089887640449438,"genest, b."
1126,671,5,52,0.08089887640449438,"stoffel, a."
1127,1186,5,52,0.08089887640449438,"hourieh, r."
1128,1188,5,52,0.08089887640449438,"grassinger, f."
1129,1189,5,52,0.08089887640449438,"stitz, h."
1130,672,5,52,0.08089887640449438,"rohrdantz, c."
1131,1187,5,52,0.08089887640449438,"niederer, c."
1132,714,6,52,0.08089887640449438,"kasthuri, n."
1133,989,6,52,0.08089887640449438,"li, w."
1134,991,6,52,0.08089887640449438,"popovic, j."
1135,990,6,52,0.08089887640449438,"schweickart, e."
1136,1201,6,52,0.08089887640449438,"sunkavalli, s."
1137,1203,6,52,0.08089887640449438,"isola, p."
1138,1202,6,52,0.08089887640449438,"vo, a.a."
1139,1272,6,52,0.08089887640449438,"botros, j."
1140,1271,6,52,0.08089887640449438,"peterson, b."
1141,1105,6,52,0.08089887640449438,"boyd, m."
1142,1103,6,52,0.08089887640449438,"seltzer, m."
1143,1104,6,52,0.08089887640449438,"macko, p."
1144,713,6,52,0.08089887640449438,"hadwiger, m."
1145,712,6,52,0.08089887640449438,"lichtman, j.w."
1146,988,6,52,0.08089887640449438,"dontcheva, m."
1147,711,6,52,0.08089887640449438,"al-awami, a.k."
1148,285,7,52,0.08089887640449438,"schreck, t."
1149,151,7,52,0.08089887640449438,"miksch, s."
1150,368,7,52,0.08089887640449438,"melchionna, s."
1151,369,7,52,0.08089887640449438,"feldman, c."
1152,370,7,52,0.08089887640449438,"peters, a."
1153,372,7,52,0.08089887640449438,"rybicki, f."
1154,371,7,52,0.08089887640449438,"mitsouras, d."
1155,661,7,52,0.08089887640449438,"dinkla, k."
1156,1102,7,52,0.08089887640449438,"wassermann, a.m."
1157,24,7,52,0.08089887640449438,"borkin, d."
1158,25,7,52,0.08089887640449438,"wook, n."
1159,1101,7,52,0.08089887640449438,"kalkofen, d."
1160,22,7,52,0.08089887640449438,"bainbridge, c.m."
1161,956,8,52,0.08089887640449438,"aigner, w."
1162,286,8,52,0.08089887640449438,"oelke, d."
1163,1013,8,52,0.08089887640449438,"gratzl, s."
1164,1134,8,52,0.08089887640449438,"schulz, h."
1165,563,9,52,0.08089887640449438,"gehlenborg, n."
1166,276,9,52,0.08089887640449438,"gross, m.h."
1167,1160,9,52,0.08089887640449438,"strezhnev, a."
1168,1163,9,52,0.08089887640449438,"fredericks, c."
1169,1162,9,52,0.08089887640449438,"komisarchik, m."
1170,1161,9,52,0.08089887640449438,"higgins, d."
1171,1233,9,52,0.08089887640449438,"borowsky, m."
1172,1164,9,52,0.08089887640449438,"king, g."
1173,715,9,52,0.08089887640449438,"beyer, j."
1174,753,9,52,0.08089887640449438,"partl, c."
1175,1158,9,52,0.08089887640449438,"schwab, m."
1176,1159,9,52,0.08089887640449438,"huff, c."
1177,97,10,52,0.08089887640449438,"alsallakh, b."
1178,28,10,52,0.08089887640449438,"oliva, a."
1179,275,10,52,0.08089887640449438,"kim, n.w."
1180,510,10,52,0.08089887640449438,"tompkin, j."
1181,26,10,52,0.08089887640449438,"bylinskii, z."
1182,27,11,52,0.08089887640449438,"yeh, c.s."
1183,324,11,52,0.08089887640449438,"schmalstieg, d."
1184,373,11,52,0.08089887640449438,"gajos, k."
1185,569,12,52,0.08089887640449438,"liu, z."
1186,29,19,52,0.08089887640449438,"borkin, m."
1187,320,19,52,0.08089887640449438,"lex, a."
1188,321,23,52,0.08089887640449438,"streit, m."
1189,109,35,52,0.08089887640449438,"strobelt, h."
1190,23,75,52,0.08089887640449438,"pfister, h."
1191,1195,1,9,0.03945837300327938,"yost, b."
1192,1308,1,9,0.03945837300327938,"song, h."
1193,1280,1,9,0.03945837300327938,"qu, z."
1194,141,1,9,0.03945837300327938,"li, q."
1195,416,1,9,0.03945837300327938,"frecon, e."
1196,1150,1,9,0.03945837300327938,"diakopoulos, n."
1197,613,1,9,0.03945837300327938,"subramonyam, h."
1198,353,1,9,0.03945837300327938,"rodgers, j."
1199,188,1,9,0.03945837300327938,"he, s."
1200,796,2,9,0.03945837300327938,"conversy, s."
1201,795,2,9,0.03945837300327938,"tissoires, b."
1202,1145,2,9,0.03945837300327938,"krstajic, m."
1203,267,2,9,0.03945837300327938,"shah, p."
1204,916,2,9,0.03945837300327938,"kadaba, n.r."
1205,917,2,9,0.03945837300327938,"leboe, j."
1206,1284,2,9,0.03945837300327938,"tatu, a."
1207,13,2,9,0.03945837300327938,"shi, k."
1208,961,2,9,0.03945837300327938,"ghoniem, m."
1209,383,2,9,0.03945837300327938,"saini, v."
1210,958,2,9,0.03945837300327938,"duca, k."
1211,1292,2,9,0.03945837300327938,"guimbretiere, f."
1212,310,2,9,0.03945837300327938,"prabhakar, s."
1213,113,2,9,0.03945837300327938,"reinecke, k."
1214,1287,2,9,0.03945837300327938,"lee, p."
1215,1307,2,9,0.03945837300327938,"dewey, c."
1216,932,2,9,0.03945837300327938,"kazi, r.h."
1217,681,2,9,0.03945837300327938,"zhang, j."
1218,1119,2,9,0.03945837300327938,"zgraggen, e."
1219,1120,2,9,0.03945837300327938,"zeleznik, r."
1220,1065,2,9,0.03945837300327938,"micallef, l."
1221,962,2,9,0.03945837300327938,"castagliola, p."
1222,1268,2,9,0.03945837300327938,"felix, c."
1223,684,3,9,0.03945837300327938,"koh, k."
1224,1091,3,9,0.03945837300327938,"hearst, m."
1225,641,3,9,0.03945837300327938,"shrestha, s."
1226,311,3,9,0.03945837300327938,"conklin, n."
1227,843,3,9,0.03945837300327938,"purchase, h."
1228,955,3,9,0.03945837300327938,"nothelfer, c."
1229,279,3,9,0.03945837300327938,"albers szafir, d."
1230,725,3,9,0.03945837300327938,"goffin, p."
1231,1092,3,9,0.03945837300327938,"yee, k.-p."
1232,1093,3,9,0.03945837300327938,"dhamija, r."
1233,1100,3,9,0.03945837300327938,"mears, c."
1234,461,3,9,0.03945837300327938,"rensink, r.a."
1235,589,3,9,0.03945837300327938,"karlson, a.k."
1236,1006,3,9,0.03945837300327938,"bigelow, a."
1237,1285,3,9,0.03945837300327938,"nguyen, f."
1238,224,3,9,0.03945837300327938,"gogolou, a."
1239,226,3,9,0.03945837300327938,"palpanas, t."
1240,225,3,9,0.03945837300327938,"tsandilas, t."
1241,844,3,9,0.03945837300327938,"goncu, c."
1242,494,3,9,0.03945837300327938,"detienne, f."
1243,959,3,9,0.03945837300327938,"saraiya, p."
1244,213,3,9,0.03945837300327938,"ruble, s."
1245,493,3,9,0.03945837300327938,"eveillard, l."
1246,1029,3,9,0.03945837300327938,"ondov, b."
1247,1030,3,9,0.03945837300327938,"jardine, n."
1248,448,3,9,0.03945837300327938,"vernier, f."
1249,1183,4,9,0.03945837300327938,"meyers, b.r."
1250,1142,4,9,0.03945837300327938,"amini, f."
1251,1143,4,9,0.03945837300327938,"monroy-hernandez, a."
1252,758,4,9,0.03945837300327938,"fuchs, j."
1253,391,4,9,0.03945837300327938,"follmer, s."
1254,246,4,9,0.03945837300327938,"knoblach, s."
1255,840,4,9,0.03945837300327938,"park, j."
1256,695,4,9,0.03945837300327938,"manivannan, a."
1257,696,4,9,0.03945837300327938,"nov, o."
1258,697,4,9,0.03945837300327938,"satterthwaite, m"
1259,453,4,9,0.03945837300327938,"blascheck, t."
1260,455,4,9,0.03945837300327938,"besançon, l."
1261,694,4,9,0.03945837300327938,"pandey, a.v."
1262,304,4,9,0.03945837300327938,"bae, j."
1263,305,4,9,0.03945837300327938,"watson, b."
1264,114,4,9,0.03945837300327938,"kim, y."
1265,757,4,9,0.03945837300327938,"fischer, f."
1266,236,4,9,0.03945837300327938,"dimara, e."
1267,839,4,9,0.03945837300327938,"huh, j."
1268,390,4,9,0.03945837300327938,"goc, m.l."
1269,1044,4,9,0.03945837300327938,"qiao, x."
1270,903,5,9,0.03945837300327938,"woodward, m."
1271,1043,5,9,0.03945837300327938,"kale, a."
1272,1235,5,9,0.03945837300327938,"sarikaya, a."
1273,201,5,9,0.03945837300327938,"alligier, r."
1274,132,5,9,0.03945837300327938,"chen, h."
1275,882,5,9,0.03945837300327938,"tan, d.s."
1276,901,5,9,0.03945837300327938,"schreiber, f."
1277,119,5,9,0.03945837300327938,"laha, b."
1278,354,5,9,0.03945837300327938,"bartram, l."
1279,628,5,9,0.03945837300327938,"yoghourdjian, v."
1280,38,5,9,0.03945837300327938,"heulot, n."
1281,629,5,9,0.03945837300327938,"gange, g."
1282,120,5,9,0.03945837300327938,"thomas, b.h."
1283,195,5,9,0.03945837300327938,"jenny, b."
1284,33,5,9,0.03945837300327938,"madhyastha, t."
1285,35,5,9,0.03945837300327938,"grabowski, t."
1286,902,5,9,0.03945837300327938,"stuckey, p."
1287,196,6,9,0.03945837300327938,"yang, y."
1288,776,6,9,0.03945837300327938,"quinn, k.i."
1289,954,6,9,0.03945837300327938,"gleicher, m."
1290,395,6,9,0.03945837300327938,"choi, j."
1291,396,6,9,0.03945837300327938,"jeong, w."
1292,214,6,9,0.03945837300327938,"fernandez, r."
1293,406,6,9,0.03945837300327938,"kieffer, s."
1294,460,6,9,0.03945837300327938,"boy, j."
1295,317,7,9,0.03945837300327938,"czerwinski, m."
1296,447,7,9,0.03945837300327938,"jo, j."
1297,393,7,9,0.03945837300327938,"sicat, r."
1298,415,7,9,0.03945837300327938,"smith, g."
1299,242,7,9,0.03945837300327938,"hoffman, e."
1300,245,8,9,0.03945837300327938,"kim, b."
1301,336,8,9,0.03945837300327938,"kay, m."
1302,407,8,9,0.03945837300327938,"wybrow, m."
1303,189,8,9,0.03945837300327938,"adar, e."
1304,14,8,9,0.03945837300327938,"irani, p.p."
1305,726,8,9,0.03945837300327938,"willett, w."
1306,394,8,9,0.03945837300327938,"li, j."
1307,117,8,9,0.03945837300327938,"klein, k."
1308,244,9,9,0.03945837300327938,"seo, j."
1309,142,14,9,0.03945837300327938,"north, c."
1310,202,15,9,0.03945837300327938,"vuillemot, r."
1311,950,15,9,0.03945837300327938,"correll, m."
1312,775,15,9,0.03945837300327938,"robertson, g."
1313,462,16,9,0.03945837300327938,"bertini, e."
1314,507,16,9,0.03945837300327938,"franconeri, s."
1315,112,16,9,0.03945837300327938,"hullman, j."
1316,200,18,9,0.03945837300327938,"drucker, s.m."
1317,199,19,9,0.03945837300327938,"hurter, c."
1318,118,20,9,0.03945837300327938,"cordeil, m."
1319,227,21,9,0.03945837300327938,"bezerianos, a."
1320,37,22,9,0.03945837300327938,"dragicevic, p."
1321,121,23,9,0.03945837300327938,"marriott, k."
1322,215,23,9,0.03945837300327938,"fisher, d."
1323,34,23,9,0.03945837300327938,"bach, b."
1324,454,26,9,0.03945837300327938,"isenberg, p."
1325,7,27,9,0.03945837300327938,"dwyer, t."
1326,138,28,9,0.03945837300327938,"fekete, j.-d."
1327,176,31,9,0.03945837300327938,"henry riche, n."
1328,243,33,9,0.03945837300327938,"lee, b."
