,source,target
0,698,534
1,698,470
2,698,1298
3,698,1299
4,698,1256
5,698,1255
6,698,1257
7,534,1050
8,534,1049
9,534,1048
10,534,1047
11,534,1046
12,534,1045
13,534,533
14,534,470
15,534,273
16,258,261
17,258,262
18,258,260
19,258,259
20,258,257
21,258,559
22,258,256
23,258,560
24,261,257
25,261,256
26,261,262
27,261,259
28,261,260
29,827,828
30,827,829
31,827,831
32,827,830
33,827,620
34,827,617
35,827,1004
36,827,1002
37,827,1003
38,827,826
39,828,617
40,828,829
41,828,831
42,828,830
43,828,826
44,262,257
45,262,256
46,262,259
47,262,1026
48,262,260
49,262,166
50,105,200
51,105,263
52,105,215
53,105,211
54,105,106
55,105,108
56,105,107
57,105,1006
58,105,1306
59,105,1220
60,105,1221
61,105,69
62,105,835
63,105,581
64,105,580
65,105,579
66,105,1219
67,105,23
68,105,39
69,105,751
70,105,836
71,200,175
72,200,118
73,200,1006
74,200,46
75,200,112
76,200,213
77,200,243
78,200,201
79,200,202
80,200,215
81,200,199
82,200,176
83,200,214
84,200,1119
85,200,232
86,200,1120
87,200,189
88,260,257
89,260,256
90,260,259
91,8,10
92,8,11
93,8,360
94,8,1060
95,8,520
96,8,521
97,8,1144
98,8,666
99,8,657
100,8,0
101,8,3
102,8,9
103,10,9
104,10,11
105,693,272
106,693,692
107,693,147
108,272,271
109,272,270
110,272,692
111,272,147
112,563,564
113,563,34
114,563,562
115,563,109
116,563,321
117,563,320
118,563,23
119,563,202
120,563,1013
121,564,34
122,564,562
123,564,23
124,11,9
125,176,454
126,176,1100
127,176,589
128,176,199
129,176,14
130,176,74
131,176,92
132,176,90
133,176,838
134,176,1143
135,176,1142
136,176,1132
137,176,1133
138,176,642
139,176,7
140,176,900
141,176,34
142,176,138
143,176,121
144,176,118
145,176,112
146,176,189
147,176,215
148,176,202
149,176,201
150,176,243
151,176,227
152,176,317
153,176,316
154,176,318
155,454,727
156,454,758
157,454,797
158,454,798
159,454,142
160,454,725
161,454,7
162,454,612
163,454,453
164,454,263
165,454,455
166,454,462
167,454,757
168,454,775
169,454,389
170,454,227
171,454,265
172,454,266
173,454,37
174,454,92
175,454,776
176,454,138
177,454,243
178,454,215
179,454,726
180,603,605
181,603,606
182,603,604
183,605,604
184,605,606
185,606,604
186,964,965
187,964,306
188,964,963
189,964,309
190,964,538
191,965,538
192,965,306
193,965,963
194,965,309
195,829,617
196,829,831
197,829,830
198,829,826
199,281,211
200,281,283
201,281,282
202,281,1293
203,281,644
204,281,92
205,211,231
206,211,283
207,211,1309
208,211,864
209,211,212
210,211,571
211,211,1310
212,211,865
213,211,431
214,211,833
215,211,134
216,211,570
217,211,69
218,211,799
219,211,133
220,211,210
221,211,800
222,211,68
223,211,404
224,211,411
225,211,282
226,211,832
227,211,572
228,211,573
229,684,243
230,684,245
231,684,244
232,243,1142
233,243,1143
234,243,612
235,243,776
236,243,215
237,243,46
238,243,882
239,243,14
240,243,415
241,243,142
242,243,900
243,243,453
244,243,189
245,243,92
246,243,112
247,243,227
248,243,932
249,243,244
250,243,246
251,243,245
252,243,389
253,243,214
254,243,775
255,243,455
256,243,388
257,243,242
258,243,642
259,243,7
260,243,589
261,245,447
262,245,246
263,245,244
264,245,840
265,245,839
266,245,242
267,244,447
268,244,246
269,244,840
270,244,839
271,244,717
272,244,242
273,576,79
274,576,578
275,576,577
276,576,575
277,576,254
278,576,574
279,79,986
280,79,548
281,79,217
282,79,254
283,79,985
284,79,345
285,79,382
286,79,549
287,79,574
288,79,255
289,79,312
290,79,313
291,79,336
292,79,380
293,79,78
294,79,577
295,79,512
296,79,950
297,79,379
298,79,575
299,79,511
300,79,492
301,79,726
302,79,775
303,79,578
304,79,346
305,79,358
306,79,561
307,79,569
308,831,1002
309,831,620
310,831,617
311,831,1004
312,831,830
313,831,826
314,831,1003
315,143,734
316,143,64
317,143,676
318,143,871
319,143,1025
320,143,252
321,143,329
322,143,891
323,143,187
324,143,144
325,734,64
326,734,871
327,734,676
328,830,1002
329,830,617
330,830,1004
331,830,826
332,830,1003
333,830,620
334,92,644
335,92,645
336,92,642
337,92,90
338,92,93
339,92,727
340,92,483
341,92,589
342,92,1293
343,92,423
344,92,1217
345,92,900
346,92,798
347,92,91
348,92,703
349,92,1218
350,92,1228
351,92,643
352,92,1316
353,92,801
354,92,855
355,92,854
356,92,484
357,92,1132
358,92,1133
359,92,218
360,92,1038
361,92,102
362,92,485
363,92,853
364,92,392
365,644,102
366,644,138
367,644,643
368,644,392
369,644,202
370,644,642
371,644,645
372,644,1293
373,645,392
374,645,643
375,645,642
376,1242,682
377,682,1334
378,682,1338
379,682,1337
380,682,394
381,682,1336
382,682,1335
383,682,1339
384,682,681
385,1123,581
386,1123,1122
387,1123,579
388,1123,1124
389,1123,1125
390,1123,265
391,1123,266
392,1123,263
393,581,265
394,581,580
395,581,1124
396,581,579
397,581,1125
398,581,263
399,581,1122
400,581,266
401,102,101
402,102,726
403,102,100
404,102,99
405,102,37
406,102,104
407,102,103
408,227,138
409,227,611
410,227,224
411,227,798
412,227,797
413,227,37
414,227,304
415,227,225
416,227,758
417,227,453
418,227,226
419,227,726
420,227,462
421,227,455
422,227,305
423,227,757
424,227,507
425,227,236
426,138,798
427,138,797
428,138,461
429,138,961
430,138,726
431,138,154
432,138,391
433,138,494
434,138,304
435,138,447
436,138,74
437,138,392
438,138,493
439,138,305
440,138,725
441,138,37
442,138,448
443,138,462
444,138,962
445,138,460
446,138,1065
447,138,390
448,138,319
449,138,202
450,435,437
451,435,436
452,435,432
453,435,46
454,435,1014
455,435,433
456,435,232
457,435,434
458,437,1014
459,437,46
460,437,436
461,437,433
462,437,232
463,437,434
464,437,432
465,926,1250
466,926,925
467,926,84
468,926,927
469,926,86
470,926,337
471,926,924
472,1250,84
473,1250,86
474,1250,927
475,542,1326
476,542,1215
477,542,266
478,542,951
479,542,263
480,542,1084
481,542,1083
482,542,953
483,542,952
484,542,541
485,1326,541
486,436,46
487,436,1014
488,436,433
489,436,232
490,436,432
491,436,434
492,740,741
493,740,743
494,740,742
495,740,446
496,741,743
497,741,742
498,741,446
499,743,446
500,743,742
501,742,446
502,232,1072
503,232,1071
504,232,433
505,232,434
506,232,46
507,232,233
508,232,234
509,232,235
510,232,175
511,1072,233
512,1072,1071
513,1071,233
514,426,427
515,426,428
516,426,429
517,426,425
518,427,425
519,427,465
520,427,428
521,427,429
522,428,425
523,428,429
524,429,425
525,15,17
526,15,16
527,15,151
528,15,292
529,15,873
530,15,874
531,15,875
532,15,557
533,15,289
534,17,16
535,16,945
536,16,1148
537,16,266
538,16,97
539,16,263
540,16,326
541,16,151
542,16,956
543,16,77
544,16,884
545,16,325
546,16,350
547,16,349
548,16,946
549,16,906
550,16,265
551,330,332
552,330,333
553,330,331
554,330,199
555,330,329
556,330,187
557,332,187
558,332,333
559,332,331
560,332,329
561,333,822
562,333,187
563,333,331
564,333,754
565,333,329
566,747,611
567,747,4
568,747,745
569,747,746
570,747,918
571,611,507
572,611,236
573,611,745
574,611,746
575,611,4
576,231,228
577,231,754
578,231,1240
579,231,755
580,231,133
581,231,230
582,231,756
583,231,229
584,231,1172
585,231,799
586,231,77
587,231,800
588,231,1239
589,231,321
590,331,822
591,331,187
592,331,754
593,331,329
594,554,555
595,554,556
596,555,556
597,248,852
598,248,1138
599,248,971
600,248,970
601,248,109
602,248,139
603,248,1284
604,248,250
605,248,249
606,248,285
607,248,286
608,248,375
609,248,374
610,248,68
611,248,421
612,248,462
613,248,247
614,248,420
615,248,1141
616,248,1140
617,248,1145
618,248,1139
619,248,672
620,248,671
621,248,851
622,852,250
623,852,851
624,852,139
625,1095,1096
626,1095,1097
627,1095,1098
628,1095,1094
629,1096,1097
630,1096,1098
631,1096,1094
632,1097,1098
633,1097,1094
634,160,503
635,160,504
636,160,505
637,160,506
638,160,158
639,160,161
640,160,162
641,160,502
642,160,159
643,503,502
644,503,505
645,503,506
646,503,504
647,1098,1094
648,504,502
649,504,505
650,504,506
651,505,506
652,505,502
653,1153,1155
654,1153,1154
655,1155,1154
656,506,502
657,1114,517
658,517,777
659,517,514
660,517,515
661,517,881
662,517,787
663,517,516
664,517,513
665,517,518
666,517,519
667,283,282
668,903,121
669,903,901
670,903,7
671,903,407
672,903,902
673,121,196
674,121,1100
675,121,118
676,121,629
677,121,406
678,121,199
679,121,195
680,121,132
681,121,843
682,121,117
683,121,628
684,121,6
685,121,120
686,121,844
687,121,7
688,121,34
689,121,901
690,121,407
691,121,902
692,121,579
693,121,119
694,153,154
695,154,507
696,154,442
697,154,933
698,154,935
699,154,637
700,154,834
701,154,479
702,154,441
703,154,37
704,154,1029
705,154,1030
706,154,636
707,154,569
708,154,625
709,154,624
710,154,356
711,154,443
712,154,444
713,154,934
714,1002,1004
715,1002,1003
716,1002,826
717,1002,617
718,1002,620
719,1004,620
720,1004,617
721,1004,826
722,1004,1003
723,1003,617
724,1003,620
725,1003,826
726,307,309
727,307,308
728,307,806
729,307,217
730,307,306
731,307,538
732,309,806
733,309,536
734,309,308
735,309,405
736,309,963
737,309,165
738,309,306
739,309,409
740,309,538
741,1077,1078
742,1077,1079
743,1077,365
744,1077,156
745,1077,1076
746,1077,1075
747,1078,365
748,1078,1079
749,1078,156
750,1078,1076
751,1078,1075
752,1313,36
753,1313,1312
754,1313,1314
755,1313,1315
756,1313,306
757,1313,536
758,1313,538
759,36,536
760,36,38
761,36,37
762,36,33
763,36,516
764,36,538
765,36,35
766,36,1314
767,36,1312
768,36,1315
769,36,306
770,36,837
771,36,34
772,308,538
773,308,806
774,308,306
775,1079,365
776,1079,156
777,1079,1076
778,1079,1075
779,945,946
780,945,906
781,968,1061
782,968,967
783,968,348
784,968,966
785,1061,348
786,1061,966
787,1061,967
788,786,539
789,786,306
790,786,787
791,786,785
792,539,405
793,539,536
794,539,923
795,539,785
796,539,5
797,539,537
798,539,306
799,539,538
800,539,787
801,539,535
802,432,1279
803,432,1099
804,432,431
805,432,68
806,432,388
807,432,787
808,432,166
809,432,256
810,432,1278
811,432,430
812,432,411
813,432,209
814,432,1014
815,483,392
816,483,485
817,483,484
818,392,37
819,392,391
820,392,202
821,392,853
822,392,643
823,392,485
824,392,854
825,392,855
826,392,390
827,392,484
828,392,642
829,392,218
830,538,536
831,538,939
832,538,940
833,538,729
834,538,616
835,538,731
836,538,710
837,538,938
838,538,537
839,538,619
840,538,1314
841,538,620
842,538,728
843,538,730
844,538,617
845,538,306
846,538,709
847,538,806
848,538,837
849,538,405
850,538,1341
851,538,41
852,538,618
853,538,516
854,538,963
855,538,535
856,538,1315
857,538,1312
858,538,1340
859,399,400
860,399,403
861,399,404
862,399,401
863,399,402
864,399,405
865,400,405
866,400,404
867,400,401
868,400,403
869,400,402
870,403,401
871,403,404
872,403,405
873,403,341
874,403,1018
875,403,402
876,403,340
877,404,431
878,404,401
879,404,405
880,404,68
881,404,402
882,404,572
883,404,411
884,404,865
885,401,405
886,401,402
887,402,405
888,386,387
889,386,199
890,386,83
891,387,83
892,387,199
893,306,963
894,306,165
895,306,785
896,306,408
897,306,923
898,306,806
899,306,787
900,306,614
901,306,615
902,306,616
903,306,1315
904,306,1314
905,306,535
906,306,536
907,306,537
908,306,516
909,306,5
910,306,405
911,306,409
912,306,410
913,306,411
914,306,412
915,306,1312
916,306,837
917,1138,285
918,1138,1296
919,1138,1297
920,1138,1140
921,1138,1141
922,1138,1139
923,171,172
924,171,174
925,171,173
926,171,170
927,172,170
928,172,173
929,172,174
930,1231,187
931,187,81
932,187,820
933,187,199
934,187,866
935,187,1146
936,187,83
937,187,1181
938,187,1182
939,187,1023
940,187,329
941,187,661
942,187,1216
943,187,662
944,187,794
945,187,1224
946,1337,1338
947,1337,1339
948,1337,1334
949,1337,1335
950,1337,1336
951,1338,1339
952,1338,1334
953,1338,1335
954,1338,1336
955,174,170
956,174,173
957,1339,1334
958,1339,1335
959,1339,1336
960,173,170
961,492,358
962,492,1311
963,492,578
964,492,522
965,492,602
966,492,601
967,492,84
968,492,254
969,492,217
970,358,382
971,358,254
972,358,217
973,358,86
974,358,748
975,358,578
976,358,357
977,358,549
978,384,46
979,384,385
980,384,931
981,384,930
982,46,167
983,46,179
984,46,540
985,46,1055
986,46,217
987,46,930
988,46,214
989,46,434
990,46,1265
991,46,815
992,46,385
993,46,1270
994,46,1269
995,46,931
996,46,937
997,46,936
998,46,1266
999,46,907
1000,46,215
1001,46,169
1002,46,175
1003,46,773
1004,46,1267
1005,46,772
1006,46,771
1007,46,1210
1008,46,433
1009,46,4
1010,46,770
1011,46,769
1012,46,896
1013,46,867
1014,46,868
1015,46,569
1016,46,1056
1017,46,168
1018,46,775
1019,46,810
1020,46,216
1021,46,47
1022,46,768
1023,1043,336
1024,1043,1285
1025,1043,112
1026,1043,950
1027,1043,1044
1028,336,641
1029,336,1285
1030,336,114
1031,336,1044
1032,336,950
1033,336,112
1034,259,257
1035,259,256
1036,199,796
1037,199,795
1038,199,1068
1039,199,7
1040,199,118
1041,199,34
1042,199,329
1043,199,83
1044,199,202
1045,199,201
1046,199,1328
1047,199,1291
1048,796,795
1049,1020,1021
1050,1020,676
1051,1020,1019
1052,1021,676
1053,1021,1019
1054,405,940
1055,405,691
1056,405,566
1057,405,992
1058,405,536
1059,405,938
1060,405,993
1061,405,165
1062,405,565
1063,405,537
1064,405,568
1065,405,994
1066,405,287
1067,405,1009
1068,405,567
1069,405,535
1070,405,995
1071,405,409
1072,405,939
1073,462,1145
1074,462,1284
1075,462,694
1076,462,695
1077,462,460
1078,462,757
1079,462,507
1080,462,696
1081,462,461
1082,462,697
1083,462,758
1084,462,1268
1085,80,83
1086,80,82
1087,80,81
1088,83,82
1089,83,1328
1090,83,81
1091,83,397
1092,83,1291
1093,83,398
1094,83,1068
1095,677,679
1096,677,678
1097,677,680
1098,679,678
1099,679,680
1100,82,81
1101,1099,388
1102,1099,787
1103,388,787
1104,388,96
1105,388,389
1106,678,680
1107,1279,256
1108,1279,166
1109,1279,1278
1110,769,770
1111,769,771
1112,769,772
1113,769,773
1114,769,768
1115,770,768
1116,770,772
1117,770,773
1118,770,771
1119,41,1341
1120,41,40
1121,41,39
1122,41,617
1123,41,619
1124,41,620
1125,41,1340
1126,41,42
1127,1341,617
1128,1341,1340
1129,1341,620
1130,1341,619
1131,771,773
1132,771,772
1133,771,768
1134,167,169
1135,167,168
1136,826,617
1137,826,620
1138,617,1340
1139,617,616
1140,617,618
1141,617,619
1142,617,620
1143,1183,317
1144,1183,882
1145,1183,415
1146,1183,775
1147,317,882
1148,317,415
1149,317,775
1150,317,318
1151,317,316
1152,680,1190
1153,508,294
1154,508,289
1155,508,507
1156,294,290
1157,294,289
1158,294,293
1159,294,291
1160,294,1238
1161,294,295
1162,294,296
1163,294,583
1164,294,292
1165,294,1237
1166,294,582
1167,294,1236
1168,294,507
1169,1045,1046
1170,1045,1048
1171,1045,1047
1172,1045,1049
1173,1045,1050
1174,1045,470
1175,1046,470
1176,1046,1050
1177,1046,1048
1178,1046,1049
1179,1046,1047
1180,1048,470
1181,1048,1050
1182,1048,1049
1183,1048,1047
1184,276,278
1185,276,277
1186,276,275
1187,276,477
1188,276,476
1189,276,475
1190,276,528
1191,276,34
1192,276,23
1193,278,275
1194,278,34
1195,278,23
1196,278,277
1197,1047,1304
1198,1047,1303
1199,1047,470
1200,1047,1049
1201,1047,1050
1202,277,275
1203,277,34
1204,277,23
1205,165,536
1206,165,410
1207,165,411
1208,165,412
1209,165,409
1210,165,164
1211,165,69
1212,165,1180
1213,165,408
1214,165,166
1215,777,339
1216,777,881
1217,777,787
1218,777,779
1219,777,778
1220,312,313
1221,220,223
1222,220,222
1223,220,221
1224,223,221
1225,223,222
1226,772,936
1227,772,773
1228,772,768
1229,772,937
1230,222,221
1231,773,768
1232,470,273
1233,470,1299
1234,470,1298
1235,470,533
1236,470,1050
1237,470,1049
1238,470,467
1239,470,468
1240,470,471
1241,470,469
1242,273,533
1243,273,268
1244,2,3
1245,2,4
1246,2,5
1247,2,0
1248,2,1
1249,3,657
1250,3,4
1251,3,5
1252,3,666
1253,3,1144
1254,3,0
1255,3,1
1256,1049,1050
1257,4,746
1258,4,5
1259,4,1056
1260,4,1055
1261,4,47
1262,4,0
1263,4,1
1264,4,745
1265,940,939
1266,940,938
1267,5,1261
1268,5,657
1269,5,520
1270,5,923
1271,5,0
1272,5,1
1273,5,656
1274,5,536
1275,854,855
1276,854,853
1277,855,853
1278,263,264
1279,263,265
1280,263,266
1281,263,580
1282,263,951
1283,263,872
1284,263,987
1285,263,1229
1286,263,1122
1287,263,1124
1288,263,1125
1289,263,880
1290,263,579
1291,263,906
1292,263,952
1293,263,953
1294,263,774
1295,263,797
1296,263,798
1297,179,178
1298,179,177
1299,179,181
1300,179,180
1301,785,787
1302,1309,68
1303,1309,411
1304,1309,573
1305,1309,572
1306,1309,431
1307,1309,1310
1308,1196,1198
1309,1196,1199
1310,1196,1197
1311,1198,1197
1312,1198,1199
1313,1199,1197
1314,1261,656
1315,1261,0
1316,1261,1
1317,285,286
1318,285,109
1319,285,1139
1320,285,284
1321,285,23
1322,40,42
1323,40,39
1324,42,39
1325,956,321
1326,956,97
1327,956,1186
1328,956,1188
1329,956,1189
1330,956,1187
1331,956,151
1332,321,324
1333,321,323
1334,321,322
1335,321,456
1336,321,1101
1337,321,1186
1338,321,320
1339,321,1240
1340,321,1239
1341,321,753
1342,321,752
1343,321,1187
1344,321,1188
1345,321,1189
1346,321,1013
1347,321,133
1348,321,23
1349,321,1134
1350,321,229
1351,321,1102
1352,135,136
1353,135,942
1354,37,304
1355,37,447
1356,37,305
1357,37,33
1358,37,236
1359,37,363
1360,37,391
1361,37,507
1362,37,35
1363,37,726
1364,37,38
1365,37,1065
1366,37,390
1367,37,448
1368,37,34
1369,864,570
1370,864,68
1371,864,431
1372,864,411
1373,864,572
1374,864,865
1375,1135,1136
1376,1135,1137
1377,1136,1137
1378,39,836
1379,39,835
1380,39,1107
1381,39,1109
1382,39,1108
1383,39,1110
1384,39,1111
1385,97,109
1386,97,151
1387,97,23
1388,97,1271
1389,97,1272
1390,97,1233
1391,97,320
1392,97,98
1393,1142,1143
1394,1142,14
1395,1091,215
1396,1091,1092
1397,1091,1093
1398,215,1235
1399,215,354
1400,215,64
1401,215,1006
1402,215,142
1403,215,7
1404,215,189
1405,215,134
1406,215,950
1407,215,112
1408,215,213
1409,215,776
1410,215,1093
1411,215,1092
1412,215,775
1413,215,214
1414,1143,14
1415,1334,1336
1416,1334,1335
1417,620,616
1418,620,618
1419,620,1340
1420,620,619
1421,1323,1325
1422,1323,1324
1423,1325,1324
1424,1052,1053
1425,1052,1054
1426,1052,1051
1427,1053,1054
1428,1053,1051
1429,298,300
1430,298,297
1431,298,299
1432,300,69
1433,300,1230
1434,300,299
1435,300,297
1436,778,779
1437,778,339
1438,779,339
1439,1054,1051
1440,642,643
1441,642,900
1442,642,1133
1443,642,1132
1444,290,291
1445,290,296
1446,290,292
1447,290,293
1448,290,295
1449,290,289
1450,290,582
1451,290,583
1452,291,289
1453,291,293
1454,291,292
1455,291,296
1456,291,295
1457,296,289
1458,296,293
1459,296,1238
1460,296,292
1461,296,1237
1462,296,295
1463,296,1236
1464,704,705
1465,704,635
1466,704,703
1467,705,703
1468,705,635
1469,292,289
1470,292,818
1471,292,816
1472,292,293
1473,292,295
1474,292,817
1475,292,465
1476,293,289
1477,293,295
1478,295,289
1479,295,1238
1480,295,1237
1481,295,1236
1482,212,210
1483,377,378
1484,377,301
1485,377,209
1486,377,376
1487,378,301
1488,378,209
1489,378,376
1490,90,88
1491,90,316
1492,90,91
1493,90,838
1494,90,87
1495,90,218
1496,90,89
1497,90,93
1498,249,250
1499,249,495
1500,249,497
1501,249,496
1502,249,247
1503,250,139
1504,250,247
1505,250,851
1506,264,266
1507,264,265
1508,265,797
1509,265,798
1510,265,1125
1511,265,872
1512,265,987
1513,265,1122
1514,265,774
1515,265,266
1516,265,579
1517,265,906
1518,265,1124
1519,266,1083
1520,266,872
1521,266,987
1522,266,1122
1523,266,774
1524,266,1084
1525,266,1125
1526,266,579
1527,266,797
1528,266,798
1529,266,906
1530,266,1124
1531,286,671
1532,286,109
1533,286,284
1534,286,672
1535,286,68
1536,286,23
1537,93,91
1538,93,218
1539,423,1228
1540,423,424
1541,423,422
1542,590,593
1543,590,592
1544,590,591
1545,590,595
1546,590,594
1547,593,594
1548,593,595
1549,593,592
1550,593,591
1551,592,595
1552,592,594
1553,592,591
1554,591,594
1555,591,595
1556,641,114
1557,641,112
1558,27,29
1559,27,28
1560,27,1103
1561,27,24
1562,27,26
1563,27,1104
1564,27,23
1565,27,25
1566,27,373
1567,27,1105
1568,27,22
1569,29,1105
1570,29,1103
1571,29,368
1572,29,24
1573,29,373
1574,29,371
1575,29,372
1576,29,369
1577,29,370
1578,29,26
1579,29,1202
1580,29,1203
1581,29,1104
1582,29,23
1583,29,28
1584,29,1201
1585,29,25
1586,29,22
1587,928,898
1588,928,814
1589,898,810
1590,898,897
1591,898,501
1592,898,896
1593,898,814
1594,898,124
1595,595,594
1596,28,24
1597,28,26
1598,28,1202
1599,28,1203
1600,28,23
1601,28,1201
1602,28,25
1603,28,22
1604,758,757
1605,64,1112
1606,64,1245
1607,64,871
1608,64,717
1609,64,676
1610,64,675
1611,714,109
1612,714,713
1613,714,23
1614,714,712
1615,714,711
1616,714,715
1617,109,320
1618,109,23
1619,109,31
1620,109,68
1621,109,202
1622,109,1271
1623,109,284
1624,109,1160
1625,109,510
1626,109,1163
1627,109,1164
1628,109,713
1629,109,1272
1630,109,715
1631,109,1234
1632,109,1233
1633,109,883
1634,109,1162
1635,109,712
1636,109,1158
1637,109,1232
1638,109,661
1639,109,671
1640,109,672
1641,109,111
1642,109,110
1643,109,711
1644,109,1161
1645,109,1159
1646,1156,209
1647,1156,1157
1648,1156,430
1649,1156,683
1650,1156,301
1651,209,904
1652,209,905
1653,209,430
1654,209,376
1655,209,431
1656,209,825
1657,209,31
1658,209,941
1659,209,1157
1660,209,68
1661,209,1194
1662,209,301
1663,209,302
1664,209,303
1665,209,683
1666,209,1193
1667,209,208
1668,209,411
1669,1235,354
1670,1235,950
1671,1235,954
1672,1235,134
1673,69,1244
1674,69,501
1675,69,1180
1676,69,71
1677,69,70
1678,69,1230
1679,69,389
1680,69,1332
1681,69,1292
1682,69,242
1683,69,23
1684,69,913
1685,69,134
1686,69,832
1687,69,984
1688,69,983
1689,69,982
1690,69,915
1691,69,914
1692,69,833
1693,69,775
1694,69,735
1695,69,1333
1696,69,585
1697,69,736
1698,69,751
1699,69,1243
1700,1244,1243
1701,1244,585
1702,391,390
1703,275,989
1704,275,991
1705,275,990
1706,275,34
1707,275,23
1708,275,988
1709,275,569
1710,989,23
1711,989,990
1712,989,991
1713,989,569
1714,989,988
1715,34,562
1716,34,393
1717,34,33
1718,34,394
1719,34,395
1720,34,396
1721,34,23
1722,34,118
1723,34,7
1724,34,715
1725,34,35
1726,34,38
1727,110,111
1728,110,23
1729,111,23
1730,382,86
1731,382,870
1732,382,869
1733,382,1222
1734,382,549
1735,382,381
1736,196,118
1737,196,132
1738,196,195
1739,196,579
1740,196,7
1741,118,201
1742,118,202
1743,118,23
1744,118,120
1745,118,119
1746,118,132
1747,118,195
1748,118,394
1749,118,395
1750,118,396
1751,118,117
1752,118,715
1753,118,393
1754,118,7
1755,865,572
1756,865,570
1757,865,431
1758,865,68
1759,865,411
1760,572,1022
1761,572,431
1762,572,573
1763,572,571
1764,572,570
1765,572,68
1766,572,1310
1767,572,411
1768,797,798
1769,798,1316
1770,562,23
1771,991,23
1772,991,990
1773,991,569
1774,991,988
1775,447,840
1776,447,839
1777,447,448
1778,990,23
1779,990,569
1780,990,988
1781,1262,202
1782,1262,363
1783,202,320
1784,202,23
1785,202,363
1786,202,460
1787,202,201
1788,567,568
1789,567,287
1790,567,566
1791,567,565
1792,568,287
1793,568,566
1794,568,565
1795,334,335
1796,55,58
1797,55,57
1798,55,56
1799,55,54
1800,58,57
1801,58,54
1802,58,56
1803,57,54
1804,57,56
1805,56,54
1806,31,68
1807,31,32
1808,31,883
1809,31,240
1810,31,30
1811,31,274
1812,31,825
1813,31,904
1814,31,905
1815,68,67
1816,68,905
1817,68,883
1818,68,1310
1819,68,411
1820,68,571
1821,68,671
1822,68,1200
1823,68,904
1824,68,430
1825,68,941
1826,68,431
1827,68,672
1828,68,573
1829,68,570
1830,68,825
1831,96,787
1832,96,94
1833,96,318
1834,96,95
1835,96,1329
1836,787,881
1837,635,703
1838,635,134
1839,635,634
1840,43,44
1841,43,45
1842,43,21
1843,43,754
1844,44,351
1845,44,352
1846,44,45
1847,44,1118
1848,832,833
1849,833,1090
1850,833,1087
1851,833,1089
1852,833,1088
1853,986,255
1854,986,985
1855,1034,1036
1856,1034,1035
1857,1034,1032
1858,1034,1033
1859,1036,1032
1860,1036,1033
1861,1036,1035
1862,1160,1163
1863,1160,1162
1864,1160,1161
1865,1160,1164
1866,1160,23
1867,1160,510
1868,1160,1158
1869,1160,1159
1870,1163,23
1871,1163,1164
1872,1163,1162
1873,1163,1158
1874,1163,1161
1875,1163,510
1876,1163,1159
1877,1162,510
1878,1162,23
1879,1162,1164
1880,1162,1158
1881,1162,1161
1882,1162,1159
1883,1161,23
1884,1161,510
1885,1161,1158
1886,1161,1164
1887,1161,1159
1888,1035,1032
1889,1035,1033
1890,23,1232
1891,23,1234
1892,23,1233
1893,23,1201
1894,23,1203
1895,23,1202
1896,23,1272
1897,23,1271
1898,23,1102
1899,23,1104
1900,23,1103
1901,23,1105
1902,23,368
1903,23,1164
1904,23,509
1905,23,715
1906,23,712
1907,23,713
1908,23,751
1909,23,753
1910,23,1013
1911,23,1101
1912,23,510
1913,23,24
1914,23,25
1915,23,26
1916,23,569
1917,23,1159
1918,23,661
1919,23,284
1920,23,988
1921,23,711
1922,23,320
1923,23,324
1924,23,373
1925,23,370
1926,23,372
1927,23,371
1928,23,369
1929,23,396
1930,23,395
1931,23,394
1932,23,393
1933,23,1158
1934,23,22
1935,1232,661
1936,1232,1234
1937,1232,1233
1938,612,389
1939,1088,1089
1940,1088,1090
1941,1088,1087
1942,1089,1090
1943,1089,1087
1944,1234,1233
1945,1234,661
1946,1233,1272
1947,1233,320
1948,1233,661
1949,1233,1271
1950,126,127
1951,126,1241
1952,126,125
1953,126,1180
1954,127,1241
1955,127,1180
1956,127,125
1957,127,650
1958,127,651
1959,1164,510
1960,1164,1158
1961,1164,1159
1962,1090,1087
1963,536,537
1964,536,516
1965,536,409
1966,536,1314
1967,536,923
1968,536,993
1969,536,995
1970,536,994
1971,536,837
1972,536,614
1973,536,1315
1974,536,535
1975,536,992
1976,536,709
1977,536,710
1978,536,1312
1979,536,616
1980,536,615
1981,341,850
1982,341,1012
1983,341,1011
1984,341,1264
1985,341,339
1986,341,1010
1987,341,1018
1988,341,340
1989,341,1263
1990,341,1037
1991,850,340
1992,1080,74
1993,1080,1081
1994,74,73
1995,74,125
1996,74,72
1997,74,1106
1998,74,251
1999,74,75
2000,74,280
2001,74,1081
2002,74,1024
2003,21,788
2004,21,754
2005,21,19
2006,21,20
2007,21,18
2008,21,253
2009,1278,256
2010,1278,166
2011,256,166
2012,256,257
2013,951,952
2014,951,953
2015,952,953
2016,776,775
2017,776,7
2018,776,142
2019,32,30
2020,1148,906
2021,431,411
2022,431,573
2023,431,1310
2024,431,570
2025,431,430
2026,520,521
2027,520,0
2028,521,0
2029,686,687
2030,686,688
2031,686,685
2032,687,688
2033,687,685
2034,548,549
2035,688,685
2036,311,142
2037,311,383
2038,311,310
2039,142,1195
2040,142,7
2041,142,958
2042,142,310
2043,142,141
2044,142,959
2045,142,383
2046,142,1287
2047,142,775
2048,904,905
2049,904,941
2050,904,825
2051,905,825
2052,320,1101
2053,320,1272
2054,320,1271
2055,320,323
2056,320,322
2057,320,324
2058,320,456
2059,320,1013
2060,320,1102
2061,320,1134
2062,320,752
2063,320,753
2064,646,648
2065,646,649
2066,646,647
2067,648,649
2068,648,647
2069,268,596
2070,268,269
2071,649,647
2072,67,1200
2073,151,150
2074,151,149
2075,151,152
2076,411,571
2077,411,410
2078,411,408
2079,411,923
2080,411,1310
2081,411,1214
2082,411,570
2083,411,1168
2084,411,1167
2085,411,573
2086,411,430
2087,411,412
2088,411,409
2089,411,1166
2090,630,631
2091,630,632
2092,630,633
2093,630,739
2094,630,738
2095,631,633
2096,631,632
2097,632,633
2098,633,739
2099,633,738
2100,633,929
2101,633,1121
2102,896,501
2103,896,810
2104,896,124
2105,896,907
2106,896,897
2107,501,585
2108,501,124
2109,501,134
2110,501,810
2111,501,897
2112,1055,1056
2113,537,535
2114,122,949
2115,122,124
2116,122,123
2117,949,123
2118,949,124
2119,657,1
2120,657,656
2121,657,0
2122,657,1144
2123,657,666
2124,217,216
2125,217,578
2126,217,254
2127,217,255
2128,132,195
2129,132,7
2130,814,810
2131,814,811
2132,814,812
2133,814,813
2134,166,193
2135,166,194
2136,166,998
2137,166,996
2138,166,164
2139,166,997
2140,166,1026
2141,166,1286
2142,166,950
2143,166,784
2144,193,194
2145,301,1157
2146,301,430
2147,301,302
2148,301,303
2149,301,1194
2150,301,376
2151,301,683
2152,1157,430
2153,1157,683
2154,882,415
2155,882,775
2156,408,409
2157,408,412
2158,408,410
2159,841,842
2160,841,691
2161,842,691
2162,1299,1298
2163,792,793
2164,792,791
2165,792,789
2166,792,790
2167,793,791
2168,793,789
2169,793,790
2170,1201,1203
2171,1201,1202
2172,1201,26
2173,1167,1168
2174,1167,923
2175,1167,1166
2176,1168,923
2177,1168,1166
2178,325,326
2179,1203,26
2180,1203,1202
2181,1202,26
2182,597,598
2183,597,599
2184,597,600
2185,598,599
2186,598,600
2187,599,600
2188,393,715
2189,393,394
2190,393,396
2191,393,395
2192,715,713
2193,715,712
2194,715,711
2195,735,736
2196,735,389
2197,736,389
2198,574,254
2199,574,578
2200,574,577
2201,574,575
2202,254,255
2203,254,577
2204,254,578
2205,254,575
2206,487,418
2207,487,486
2208,418,486
2209,418,419
2210,939,938
2211,368,369
2212,368,373
2213,368,370
2214,368,372
2215,368,371
2216,369,373
2217,369,372
2218,369,371
2219,369,370
2220,822,1247
2221,822,1246
2222,822,1134
2223,822,1165
2224,822,1249
2225,822,978
2226,822,754
2227,822,823
2228,822,824
2229,1247,1246
2230,365,1075
2231,365,1076
2232,365,367
2233,365,366
2234,365,1204
2235,365,156
2236,365,802
2237,365,805
2238,365,804
2239,365,803
2240,365,892
2241,365,895
2242,365,894
2243,365,893
2244,1075,156
2245,1075,1076
2246,339,1011
2247,339,340
2248,339,1010
2249,339,1037
2250,339,1012
2251,1076,156
2252,673,674
2253,673,233
2254,673,164
2255,674,233
2256,674,164
2257,843,407
2258,843,844
2259,407,901
2260,407,844
2261,407,902
2262,407,7
2263,407,406
2264,507,954
2265,507,955
2266,507,950
2267,507,289
2268,507,236
2269,507,1030
2270,507,1029
2271,507,1268
2272,507,363
2273,954,279
2274,954,955
2275,954,950
2276,954,1307
2277,955,950
2278,950,134
2279,950,112
2280,950,1286
2281,950,354
2282,950,1044
2283,950,784
2284,324,1101
2285,324,752
2286,324,753
2287,324,323
2288,324,322
2289,324,1013
2290,324,1134
2291,324,1102
2292,323,322
2293,845,847
2294,845,846
2295,845,691
2296,847,846
2297,847,691
2298,923,1166
2299,765,766
2300,765,767
2301,765,762
2302,765,451
2303,765,763
2304,765,1205
2305,765,764
2306,765,1207
2307,765,1206
2308,766,762
2309,766,767
2310,766,763
2311,766,764
2312,746,745
2313,767,762
2314,767,763
2315,767,764
2316,846,691
2317,373,1105
2318,373,370
2319,373,1104
2320,373,371
2321,373,1103
2322,373,372
2323,370,371
2324,370,372
2325,516,514
2326,516,515
2327,516,837
2328,516,519
2329,516,518
2330,516,513
2331,372,371
2332,901,7
2333,901,902
2334,858,859
2335,858,856
2336,858,857
2337,859,856
2338,859,857
2339,246,242
2340,1211,1212
2341,1211,1213
2342,1211,289
2343,1211,873
2344,1212,289
2345,1212,1213
2346,1212,873
2347,279,1308
2348,279,1307
2349,1213,289
2350,1213,873
2351,616,619
2352,616,614
2353,616,618
2354,616,615
2355,921,922
2356,921,920
2357,921,919
2358,922,920
2359,922,919
2360,1041,1042
2361,1041,12
2362,1041,1040
2363,1041,1039
2364,1041,63
2365,1042,12
2366,1042,63
2367,1042,1040
2368,1042,1039
2369,550,551
2370,550,552
2371,550,553
2372,551,552
2373,551,553
2374,552,553
2375,430,683
2376,509,510
2377,510,1158
2378,510,1159
2379,156,805
2380,156,804
2381,156,803
2382,156,802
2383,156,760
2384,156,155
2385,156,157
2386,805,802
2387,805,804
2388,805,803
2389,119,7
2390,119,117
2391,119,120
2392,7,628
2393,7,629
2394,7,406
2395,7,902
2396,7,6
2397,7,120
2398,7,195
2399,7,1100
2400,7,775
2401,7,579
2402,7,117
2403,804,802
2404,804,803
2405,930,931
2406,619,618
2407,619,1340
2408,571,573
2409,571,570
2410,415,775
2411,415,932
2412,415,416
2413,1000,1330
2414,1000,1001
2415,1000,999
2416,1330,1001
2417,1272,1271
2418,139,140
2419,139,6
2420,139,851
2421,139,971
2422,139,374
2423,139,375
2424,140,6
2425,888,890
2426,888,889
2427,888,885
2428,888,887
2429,888,886
2430,890,885
2431,890,887
2432,890,886
2433,890,889
2434,395,396
2435,395,394
2436,396,394
2437,889,885
2438,889,887
2439,889,886
2440,289,1238
2441,289,1237
2442,289,1236
2443,289,440
2444,289,438
2445,289,439
2446,289,875
2447,289,874
2448,289,873
2449,676,675
2450,676,871
2451,676,1019
2452,1068,1275
2453,1068,1066
2454,1068,559
2455,1068,1248
2456,1068,1070
2457,1068,1069
2458,1068,1328
2459,1068,1067
2460,1068,1291
2461,1068,1277
2462,1068,1276
2463,180,181
2464,180,178
2465,180,177
2466,181,178
2467,181,177
2468,124,123
2469,124,810
2470,124,897
2471,267,189
2472,267,112
2473,189,112
2474,189,613
2475,189,188
2476,485,218
2477,485,484
2478,656,1
2479,656,0
2480,1124,1125
2481,1124,1122
2482,1124,579
2483,1125,1122
2484,1125,579
2485,178,177
2486,585,1243
2487,780,783
2488,780,782
2489,780,781
2490,783,781
2491,783,782
2492,782,781
2493,1225,744
2494,1225,63
2495,1225,1227
2496,1225,1226
2497,744,1226
2498,744,1082
2499,744,1227
2500,744,63
2501,381,86
2502,381,1222
2503,86,924
2504,86,85
2505,86,1289
2506,86,1290
2507,86,84
2508,86,925
2509,86,1288
2510,86,869
2511,86,870
2512,86,927
2513,86,337
2514,86,241
2515,1107,1111
2516,1107,1110
2517,1107,1109
2518,1107,1108
2519,1111,1109
2520,1111,1110
2521,1111,1108
2522,1110,1109
2523,1110,1108
2524,570,573
2525,1333,389
2526,1333,1332
2527,389,1332
2528,725,726
2529,753,1013
2530,753,1134
2531,753,1102
2532,753,1101
2533,753,752
2534,1013,1102
2535,1013,1101
2536,48,53
2537,48,51
2538,48,52
2539,48,50
2540,48,49
2541,53,52
2542,53,51
2543,53,50
2544,53,49
2545,51,52
2546,51,50
2547,51,49
2548,52,50
2549,52,49
2550,50,49
2551,1109,1108
2552,1092,1093
2553,218,219
2554,218,75
2555,218,364
2556,218,801
2557,218,363
2558,218,957
2559,354,134
2560,354,353
2561,61,63
2562,61,62
2563,61,59
2564,61,60
2565,63,12
2566,63,287
2567,63,474
2568,63,472
2569,63,288
2570,63,1226
2571,63,1040
2572,63,1039
2573,63,59
2574,63,60
2575,63,1227
2576,63,1113
2577,63,62
2578,63,473
2579,62,59
2580,62,60
2581,95,1329
2582,95,94
2583,95,318
2584,1329,318
2585,410,412
2586,410,409
2587,412,409
2588,1296,1140
2589,1296,1139
2590,1296,1297
2591,1140,1141
2592,1140,1139
2593,1140,1297
2594,565,287
2595,565,566
2596,287,566
2597,287,288
2598,916,917
2599,916,14
2600,917,14
2601,971,374
2602,971,970
2603,970,374
2604,838,316
2605,316,318
2606,1139,1141
2607,1139,1297
2608,1251,1253
2609,1251,1254
2610,1251,1252
2611,1251,1248
2612,1253,1248
2613,1253,1254
2614,1253,1252
2615,1275,559
2616,1275,1277
2617,1275,1276
2618,1254,1248
2619,1254,1252
2620,1252,1248
2621,628,629
2622,628,117
2623,628,406
2624,297,299
2625,703,1038
2626,38,33
2627,38,35
2628,461,460
2629,885,887
2630,885,886
2631,887,886
2632,652,653
2633,514,519
2634,514,518
2635,514,515
2636,514,513
2637,519,518
2638,519,515
2639,519,513
2640,84,924
2641,84,927
2642,84,522
2643,84,337
2644,84,85
2645,84,925
2646,84,241
2647,518,515
2648,518,513
2649,73,72
2650,515,513
2651,75,1024
2652,75,363
2653,75,364
2654,75,362
2655,802,803
2656,1105,1104
2657,1105,1103
2658,998,996
2659,998,997
2660,12,1040
2661,12,1039
2662,12,13
2663,12,14
2664,475,477
2665,475,476
2666,477,476
2667,476,528
2668,818,465
2669,818,816
2670,818,817
2671,1205,451
2672,1205,1207
2673,1205,1206
2674,451,1207
2675,451,1206
2676,451,450
2677,451,452
2678,451,449
2679,0,543
2680,0,544
2681,0,546
2682,0,545
2683,0,547
2684,0,1
2685,0,9
2686,347,348
2687,348,967
2688,348,966
2689,543,9
2690,543,547
2691,543,544
2692,543,546
2693,543,545
2694,9,544
2695,9,545
2696,9,546
2697,9,547
2698,1134,978
2699,1134,1165
2700,1134,1249
2701,978,1165
2702,978,824
2703,1276,1277
2704,1276,559
2705,1277,559
2706,717,1192
2707,717,1027
2708,717,720
2709,717,721
2710,717,722
2711,717,719
2712,717,718
2713,717,750
2714,717,716
2715,717,749
2716,717,252
2717,717,319
2718,717,1191
2719,1192,319
2720,1192,1191
2721,228,230
2722,228,229
2723,230,229
2724,816,465
2725,816,817
2726,465,817
2727,465,639
2728,465,640
2729,465,638
2730,465,425
2731,810,811
2732,810,813
2733,810,812
2734,810,897
2735,810,907
2736,811,812
2737,811,813
2738,229,1240
2739,229,1239
2740,229,133
2741,813,812
2742,899,367
2743,899,1331
2744,367,1031
2745,367,1331
2746,367,366
2747,629,117
2748,629,406
2749,762,763
2750,762,764
2751,763,764
2752,457,458
2753,457,459
2754,457,146
2755,458,459
2756,458,146
2757,459,146
2758,925,927
2759,925,337
2760,925,924
2761,936,937
2762,927,337
2763,927,924
2764,1073,1074
2765,1132,1133
2766,578,575
2767,578,577
2768,1310,573
2769,729,731
2770,729,730
2771,729,728
2772,840,839
2773,577,575
2774,1012,340
2775,1012,1010
2776,1012,1011
2777,446,445
2778,691,1208
2779,691,819
2780,691,1223
2781,691,737
2782,691,1209
2783,691,690
2784,691,689
2785,691,1009
2786,233,235
2787,233,234
2788,233,164
2789,235,234
2790,214,775
2791,214,213
2792,933,935
2793,933,934
2794,933,479
2795,935,479
2796,935,239
2797,935,934
2798,671,672
2799,934,479
2800,106,198
2801,106,197
2802,106,108
2803,106,107
2804,108,107
2805,107,198
2806,107,197
2807,442,441
2808,442,443
2809,442,444
2810,661,662
2811,26,24
2812,26,25
2813,26,22
2814,559,560
2815,255,985
2816,88,89
2817,88,87
2818,89,87
2819,1103,1104
2820,924,337
2821,374,375
2822,1239,1240
2823,1239,133
2824,1240,133
2825,1102,1101
2826,695,696
2827,695,697
2828,695,694
2829,696,697
2830,696,694
2831,697,694
2832,976,977
2833,775,1292
2834,319,356
2835,319,1191
2836,319,355
2837,319,722
2838,319,721
2839,319,720
2840,319,716
2841,319,719
2842,319,718
2843,356,860
2844,356,355
2845,356,834
2846,1180,1241
2847,1172,756
2848,1172,77
2849,756,754
2850,756,755
2851,756,77
2852,479,480
2853,479,481
2854,480,481
2855,120,117
2856,343,344
2857,343,342
2858,344,342
2859,424,422
2860,823,824
2861,434,433
2862,1040,1039
2863,836,835
2864,1285,112
2865,624,625
2866,360,361
2867,360,666
2868,360,359
2869,360,1060
2870,361,359
2871,739,738
2872,237,239
2873,237,238
2874,239,238
2875,754,755
2876,1016,1017
2877,1016,1015
2878,1017,1015
2879,699,700
2880,1289,1290
2881,1289,1288
2882,1290,1288
2883,1063,1064
2884,1063,1062
2885,1064,1062
2886,992,993
2887,992,994
2888,992,995
2889,607,609
2890,607,608
2891,609,608
2892,1312,1315
2893,1312,1314
2894,1315,1314
2895,453,455
2896,1215,541
2897,713,712
2898,713,711
2899,224,226
2900,224,225
2901,1066,1069
2902,1066,1067
2903,1066,1070
2904,226,225
2905,1069,1070
2906,1069,1067
2907,1067,1070
2908,720,716
2909,720,721
2910,720,722
2911,720,719
2912,720,718
2913,340,1037
2914,340,1011
2915,340,1264
2916,340,1010
2917,340,1018
2918,340,1263
2919,721,722
2920,721,716
2921,721,719
2922,721,718
2923,722,716
2924,722,719
2925,722,718
2926,719,716
2927,719,718
2928,1010,1011
2929,125,251
2930,125,280
2931,24,25
2932,24,22
2933,1236,1238
2934,1236,1237
2935,1238,1237
2936,25,22
2937,718,716
2938,13,14
2939,496,497
2940,496,495
2941,497,495
2942,961,962
2943,1158,1159
2944,463,623
2945,463,464
2946,463,622
2947,623,464
2948,623,622
2949,182,1185
2950,182,1184
2951,182,186
2952,182,184
2953,182,185
2954,182,183
2955,1185,185
2956,1185,1184
2957,1185,183
2958,1184,183
2959,1184,185
2960,304,305
2961,1265,1266
2962,1265,1267
2963,815,569
2964,385,1269
2965,385,216
2966,385,1270
2967,207,610
2968,207,206
2969,207,205
2970,610,206
2971,1269,1270
2972,1269,216
2973,1270,216
2974,580,579
2975,1186,1187
2976,1186,1188
2977,1186,1189
2978,329,1146
2979,474,472
2980,474,473
2981,438,440
2982,438,439
2983,440,439
2984,894,895
2985,894,1204
2986,894,893
2987,894,892
2988,895,1204
2989,895,893
2990,895,892
2991,76,77
2992,77,350
2993,77,349
2994,134,809
2995,134,913
2996,134,634
2997,134,914
2998,134,808
2999,134,133
3000,134,807
3001,134,915
3002,809,808
3003,101,104
3004,101,103
3005,101,100
3006,101,99
3007,1226,1227
3008,104,100
3009,104,99
3010,104,103
3011,103,100
3012,103,99
3013,972,973
3014,667,668
3015,707,708
3016,707,706
3017,708,706
3018,726,549
3019,1025,144
3020,1304,1303
3021,731,730
3022,731,728
3023,569,443
3024,569,988
3025,569,1210
3026,345,346
3027,913,915
3028,913,914
3029,1083,1084
3030,710,709
3031,472,473
3032,112,1280
3033,112,1150
3034,112,113
3035,112,114
3036,112,1044
3037,658,659
3038,658,190
3039,659,190
3040,546,547
3041,546,544
3042,546,545
3043,547,544
3044,547,545
3045,443,441
3046,443,444
3047,190,192
3048,190,191
3049,730,728
3050,1170,1171
3051,1170,1169
3052,1171,1169
3053,692,147
3054,6,315
3055,6,314
3056,203,204
3057,406,117
3058,1219,1220
3059,1219,1221
3060,1220,1221
3061,1220,1306
3062,1085,1086
3063,1085,1005
3064,1085,99
3065,1086,1005
3066,1086,99
3067,1129,1131
3068,1129,1130
3069,1129,1023
3070,1131,1130
3071,1131,1023
3072,1130,1023
3073,862,863
3074,862,861
3075,863,861
3076,185,183
3077,185,186
3078,185,184
3079,701,269
3080,71,70
3081,441,444
3082,1255,1257
3083,1255,1256
3084,1257,1256
3085,958,959
3086,983,984
3087,983,242
3088,984,242
3089,1188,1189
3090,1188,1187
3091,1189,1187
3092,1207,1206
3093,133,799
3094,133,800
3095,1122,579
3096,969,558
3097,993,994
3098,993,995
3099,994,995
3100,967,966
3101,987,906
3102,987,774
3103,150,152
3104,150,149
3105,152,149
3106,1058,1059
3107,1058,1057
3108,1059,1057
3109,791,789
3110,791,790
3111,1320,1321
3112,1320,1322
3113,1320,1318
3114,1320,1319
3115,1320,1317
3116,1321,1318
3117,1321,1319
3118,1321,1322
3119,1321,1317
3120,1322,1318
3121,1322,1319
3122,1322,1317
3123,996,997
3124,712,711
3125,183,184
3126,183,186
3127,184,186
3128,544,545
3129,1005,99
3130,1318,1319
3131,1318,1317
3132,1319,1317
3133,1217,1218
3134,271,270
3135,357,821
3136,873,875
3137,873,874
3138,1311,602
3139,1266,1267
3140,1177,1178
3141,1177,1176
3142,1178,1176
3143,666,1144
3144,799,800
3145,473,1113
3146,494,460
3147,494,493
3148,522,523
3149,1208,1209
3150,750,749
3151,33,35
3152,351,352
3153,169,168
3154,1336,1335
3155,579,906
3156,1301,1302
3157,1301,1300
3158,1302,1300
3159,113,114
3160,1287,959
3161,1204,893
3162,337,338
3163,1116,1117
3164,636,637
3165,524,525
3166,146,145
3167,874,875
3168,893,892
3169,614,615
3170,870,869
3171,394,681
3172,413,414
3173,414,1149
3174,414,144
3175,1001,999
3176,1001,1327
3177,878,879
3178,878,877
3179,878,876
3180,879,877
3181,879,876
3182,147,148
3183,363,362
3184,363,364
3185,327,328
3186,380,379
3187,1149,144
3188,1032,1033
3189,511,512
3190,602,601
3191,206,1147
3192,206,205
3193,158,161
3194,158,162
3195,158,159
3196,161,159
3197,161,162
3198,162,159
3199,1282,1283
3200,1282,1281
3201,1283,1281
3202,464,622
3203,464,748
3204,664,665
3205,664,663
3206,665,663
3207,946,906
3208,364,362
3209,915,914
3210,1328,1291
3211,499,500
3212,499,498
3213,500,498
3214,100,99
3215,583,582
3216,1264,1263
3217,789,790
3218,450,452
3219,450,449
3220,452,449
3221,639,640
3222,639,638
3223,302,1194
3224,302,303
3225,303,1194
3226,467,468
3227,467,469
3228,467,471
3229,468,471
3230,468,469
3231,760,155
3232,469,471
3233,421,420
3234,980,981
3235,980,979
3236,981,979
3237,1119,1120
3238,774,906
3239,460,493
3240,529,530
3241,314,315
3242,910,911
3243,910,912
3244,911,912
3245,912,944
3246,912,943
3247,198,197
3248,884,350
3249,350,349
3250,155,157
3251,808,807
3252,59,60
3253,128,129
3254,128,130
3255,128,131
3256,129,131
3257,129,130
3258,130,131
3259,251,280
3260,856,857
3261,1181,1182
3262,397,398
3263,398,621
3264,1151,1152
3265,908,909
3266,784,1286
3267,1179,920
3268,920,919
3269,489,491
3270,489,490
3271,489,488
3272,491,490
3273,491,488
3274,490,488
3275,1194,1193
3276,531,532
3277,640,638
3278,587,588
3279,587,586
3280,588,586
3281,867,868
3282,654,655
3283,626,627
3284,877,876
3285,191,192
3286,1029,1030
3287,19,20
3288,19,18
3289,19,253
3290,20,18
3291,944,943
3292,974,975
3293,650,651
3294,1259,1260
3295,1259,1258
3296,1260,1258
3297,732,733
3298,947,948
3299,723,724
3300,669,670
3301,1127,1128
3302,1127,1126
3303,1128,1126
3304,690,689
3305,526,527
3306,1273,1274
3307,1174,1175
3308,1174,1173
3309,1175,1173
3310,65,66
3311,466,1115
3312,761,1294
3313,848,849
3314,1007,1008
3315,115,116
